"preview_id","source_kind","ds_move_id","animation_reference","ds_animation_path","preview_mp4","preview_gif","render_status","representative_move_id","representative_move_name","usage_count","notes"
"anim_0003","platinum-base-move","3","MOVE_DOUBLE_SLAP","","docs/approval/previews/mp4/anim_0003.mp4","docs/approval/previews/gif/anim_0003.gif","pending","MOVE_FAIRY_SPHERES","Fairy Spheres","1","Capture the original Platinum/base-era DS move animation once and reuse the capture for every mapped community move."
"anim_0004","platinum-base-move","4","MOVE_COMET_PUNCH","","docs/approval/previews/mp4/anim_0004.mp4","docs/approval/previews/gif/anim_0004.gif","pending","MOVE_ROCKET_PUNCH","Rocket Shot","1","Capture the original Platinum/base-era DS move animation once and reuse the capture for every mapped community move."
"anim_0005","platinum-base-move","5","MOVE_MEGA_PUNCH","","docs/approval/previews/mp4/anim_0005.mp4","docs/approval/previews/gif/anim_0005.gif","pending","MOVE_ASTRAL_HAND","Astral Hand","2","Capture the original Platinum/base-era DS move animation once and reuse the capture for every mapped community move."
"anim_0015","platinum-base-move","15","MOVE_CUT","","docs/approval/previews/mp4/anim_0015.mp4","docs/approval/previews/gif/anim_0015.gif","pending","MOVE_DIAMOND_BLADE","Diamond Blade","1","Capture the original Platinum/base-era DS move animation once and reuse the capture for every mapped community move."
"anim_0025","platinum-base-move","25","MOVE_MEGA_KICK","","docs/approval/previews/mp4/anim_0025.mp4","docs/approval/previews/gif/anim_0025.gif","pending","MOVE_RUMBLE_KICK","Rumble Kick","1","Capture the original Platinum/base-era DS move animation once and reuse the capture for every mapped community move."
"anim_0026","platinum-base-move","26","MOVE_JUMP_KICK","","docs/approval/previews/mp4/anim_0026.mp4","docs/approval/previews/gif/anim_0026.gif","pending","MOVE_ZEPHYR_RUSH","Zephyr Rush","2","Capture the original Platinum/base-era DS move animation once and reuse the capture for every mapped community move."
"anim_0028","platinum-base-move","28","MOVE_SAND_ATTACK","","docs/approval/previews/mp4/anim_0028.mp4","docs/approval/previews/gif/anim_0028.gif","pending","MOVE_POCKET_SAND","Pocket Sand","1","Capture the original Platinum/base-era DS move animation once and reuse the capture for every mapped community move."
"anim_0030","platinum-base-move","30","MOVE_HORN_ATTACK","","docs/approval/previews/mp4/anim_0030.mp4","docs/approval/previews/gif/anim_0030.gif","pending","MOVE_JAGGED_HORNS","Jagged Horns","1","Capture the original Platinum/base-era DS move animation once and reuse the capture for every mapped community move."
"anim_0038","platinum-base-move","38","MOVE_DOUBLE_EDGE","","docs/approval/previews/mp4/anim_0038.mp4","docs/approval/previews/gif/anim_0038.gif","pending","MOVE_PSYCHOKINETIC_SLAM","Psychokinetic Slam","4","Capture the original Platinum/base-era DS move animation once and reuse the capture for every mapped community move."
"anim_0040","platinum-base-move","40","MOVE_POISON_STING","","docs/approval/previews/mp4/anim_0040.mp4","docs/approval/previews/gif/anim_0040.gif","pending","MOVE_BRAMBLE_BLAST","Bramble Blast","2","Capture the original Platinum/base-era DS move animation once and reuse the capture for every mapped community move."
"anim_0044","platinum-base-move","44","MOVE_BITE","","docs/approval/previews/mp4/anim_0044.mp4","docs/approval/previews/gif/anim_0044.gif","pending","MOVE_DRACONIC_FANGS","Draconic Fangs","1","Capture the original Platinum/base-era DS move animation once and reuse the capture for every mapped community move."
"anim_0047","platinum-base-move","47","MOVE_SING","","docs/approval/previews/mp4/anim_0047.mp4","docs/approval/previews/gif/anim_0047.gif","pending","MOVE_REQUIEM","Requiem","1","Capture the original Platinum/base-era DS move animation once and reuse the capture for every mapped community move."
"anim_0048","platinum-base-move","48","MOVE_SUPERSONIC","","docs/approval/previews/mp4/anim_0048.mp4","docs/approval/previews/gif/anim_0048.gif","pending","MOVE_SUPERSONIC_SHOT","Supersonic Shot","1","Capture the original Platinum/base-era DS move animation once and reuse the capture for every mapped community move."
"anim_0049","platinum-base-move","49","MOVE_SONIC_BOOM","","docs/approval/previews/mp4/anim_0049.mp4","docs/approval/previews/gif/anim_0049.gif","pending","MOVE_ENERGY_WAVE","Energy Wave","1","Capture the original Platinum/base-era DS move animation once and reuse the capture for every mapped community move."
"anim_0055","platinum-base-move","55","MOVE_WATER_GUN","","docs/approval/previews/mp4/anim_0055.mp4","docs/approval/previews/gif/anim_0055.gif","pending","MOVE_WATERLOG","Waterlog","1","Capture the original Platinum/base-era DS move animation once and reuse the capture for every mapped community move."
"anim_0063","platinum-base-move","63","MOVE_HYPER_BEAM","","docs/approval/previews/mp4/anim_0063.mp4","docs/approval/previews/gif/anim_0063.gif","pending","MOVE_BIG_BLAST","Big Bang","1","Capture the original Platinum/base-era DS move animation once and reuse the capture for every mapped community move."
"anim_0070","platinum-base-move","70","MOVE_STRENGTH","","docs/approval/previews/mp4/anim_0070.mp4","docs/approval/previews/gif/anim_0070.gif","pending","MOVE_KINETIC_BARRAGE","Kinetic Barrage","1","Capture the original Platinum/base-era DS move animation once and reuse the capture for every mapped community move."
"anim_0087","platinum-base-move","87","MOVE_THUNDER","","docs/approval/previews/mp4/anim_0087.mp4","docs/approval/previews/gif/anim_0087.gif","pending","MOVE_TEMPEST_STORM","Tempest Storm (N)","1","Capture the original Platinum/base-era DS move animation once and reuse the capture for every mapped community move."
"anim_0094","platinum-base-move","94","MOVE_PSYCHIC","","docs/approval/previews/mp4/anim_0094.mp4","docs/approval/previews/gif/anim_0094.gif","pending","MOVE_TRANSMUTE","Transmute","1","Capture the original Platinum/base-era DS move animation once and reuse the capture for every mapped community move."
"anim_0112","platinum-base-move","112","MOVE_BARRIER","","docs/approval/previews/mp4/anim_0112.mp4","docs/approval/previews/gif/anim_0112.gif","pending","MOVE_ICE_WALL","Ice Wall","1","Capture the original Platinum/base-era DS move animation once and reuse the capture for every mapped community move."
"anim_0114","platinum-base-move","114","MOVE_HAZE","","docs/approval/previews/mp4/anim_0114.mp4","docs/approval/previews/gif/anim_0114.gif","pending","MOVE_EERIE_FOG","Eerie Fog","1","Capture the original Platinum/base-era DS move animation once and reuse the capture for every mapped community move."
"anim_0121","platinum-base-move","121","MOVE_EGG_BOMB","","docs/approval/previews/mp4/anim_0121.mp4","docs/approval/previews/gif/anim_0121.gif","pending","MOVE_BAD_EGG","Bad Egg","1","Capture the original Platinum/base-era DS move animation once and reuse the capture for every mapped community move."
"anim_0126","platinum-base-move","126","MOVE_FIRE_BLAST","","docs/approval/previews/mp4/anim_0126.mp4","docs/approval/previews/gif/anim_0126.gif","pending","MOVE_ATOMIC_FIRE","Atomic Fire","1","Capture the original Platinum/base-era DS move animation once and reuse the capture for every mapped community move."
"anim_0127","platinum-base-move","127","MOVE_WATERFALL","","docs/approval/previews/mp4/anim_0127.mp4","docs/approval/previews/gif/anim_0127.gif","pending","MOVE_RAPID_RIVER","Rapid River","1","Capture the original Platinum/base-era DS move animation once and reuse the capture for every mapped community move."
"anim_0138","platinum-base-move","138","MOVE_DREAM_EATER","","docs/approval/previews/mp4/anim_0138.mp4","docs/approval/previews/gif/anim_0138.gif","pending","MOVE_DREAM_INVERSION","Dream Invasion","1","Capture the original Platinum/base-era DS move animation once and reuse the capture for every mapped community move."
"anim_0140","platinum-base-move","140","MOVE_BARRAGE","","docs/approval/previews/mp4/anim_0140.mp4","docs/approval/previews/gif/anim_0140.gif","pending","MOVE_BALL_TOSS","Ball Toss","3","Capture the original Platinum/base-era DS move animation once and reuse the capture for every mapped community move."
"anim_0141","platinum-base-move","141","MOVE_LEECH_LIFE","","docs/approval/previews/mp4/anim_0141.mp4","docs/approval/previews/gif/anim_0141.gif","pending","MOVE_FERTILE_FANGS","Fertile Fangs","1","Capture the original Platinum/base-era DS move animation once and reuse the capture for every mapped community move."
"anim_0153","platinum-base-move","153","MOVE_EXPLOSION","","docs/approval/previews/mp4/anim_0153.mp4","docs/approval/previews/gif/anim_0153.gif","pending","MOVE_OUTBURST","Outburst","2","Capture the original Platinum/base-era DS move animation once and reuse the capture for every mapped community move."
"anim_0157","platinum-base-move","157","MOVE_ROCK_SLIDE","","docs/approval/previews/mp4/anim_0157.mp4","docs/approval/previews/gif/anim_0157.gif","pending","MOVE_PEBBLE_SHOWER","Pebble Shower","1","Capture the original Platinum/base-era DS move animation once and reuse the capture for every mapped community move."
"anim_0167","platinum-base-move","167","MOVE_TRIPLE_KICK","","docs/approval/previews/mp4/anim_0167.mp4","docs/approval/previews/gif/anim_0167.gif","pending","MOVE_TRIPLE_TREMOR","Triple Tremor","1","Capture the original Platinum/base-era DS move animation once and reuse the capture for every mapped community move."
"anim_0174","platinum-base-move","174","MOVE_CURSE","","docs/approval/previews/mp4/anim_0174.mp4","docs/approval/previews/gif/anim_0174.gif","pending","MOVE_KARMA","Karma","1","Capture the original Platinum/base-era DS move animation once and reuse the capture for every mapped community move."
"anim_0182","platinum-base-move","182","MOVE_PROTECT","","docs/approval/previews/mp4/anim_0182.mp4","docs/approval/previews/gif/anim_0182.gif","pending","MOVE_MERCULIGHT","Merculight","1","Capture the original Platinum/base-era DS move animation once and reuse the capture for every mapped community move."
"anim_0183","platinum-base-move","183","MOVE_MACH_PUNCH","","docs/approval/previews/mp4/anim_0183.mp4","docs/approval/previews/gif/anim_0183.gif","pending","MOVE_JAGGED_PUNCH","Jagged Punch","1","Capture the original Platinum/base-era DS move animation once and reuse the capture for every mapped community move."
"anim_0191","platinum-base-move","191","MOVE_SPIKES","","docs/approval/previews/mp4/anim_0191.mp4","docs/approval/previews/gif/anim_0191.gif","pending","MOVE_CALTROPS","Caltrops","1","Capture the original Platinum/base-era DS move animation once and reuse the capture for every mapped community move."
"anim_0192","platinum-base-move","192","MOVE_ZAP_CANNON","","docs/approval/previews/mp4/anim_0192.mp4","docs/approval/previews/gif/anim_0192.gif","pending","MOVE_LIGHTNING_BULLET","Lightning Bullet","1","Capture the original Platinum/base-era DS move animation once and reuse the capture for every mapped community move."
"anim_0202","platinum-base-move","202","MOVE_GIGA_DRAIN","","docs/approval/previews/mp4/anim_0202.mp4","docs/approval/previews/gif/anim_0202.gif","pending","MOVE_SOIL_DRAIN","Soil Drain","1","Capture the original Platinum/base-era DS move animation once and reuse the capture for every mapped community move."
"anim_0212","platinum-base-move","212","MOVE_MEAN_LOOK","","docs/approval/previews/mp4/anim_0212.mp4","docs/approval/previews/gif/anim_0212.gif","pending","MOVE_TREPIDATION","Trepidation","1","Capture the original Platinum/base-era DS move animation once and reuse the capture for every mapped community move."
"anim_0224","platinum-base-move","224","MOVE_MEGAHORN","","docs/approval/previews/mp4/anim_0224.mp4","docs/approval/previews/gif/anim_0224.gif","pending","MOVE_DRAGON_JAB","Dragon Jab","3","Capture the original Platinum/base-era DS move animation once and reuse the capture for every mapped community move."
"anim_0226","platinum-base-move","226","MOVE_BATON_PASS","","docs/approval/previews/mp4/anim_0226.mp4","docs/approval/previews/gif/anim_0226.gif","pending","MOVE_FETCH","Fetch","2","Capture the original Platinum/base-era DS move animation once and reuse the capture for every mapped community move."
"anim_0228","platinum-base-move","228","MOVE_PURSUIT","","docs/approval/previews/mp4/anim_0228.mp4","docs/approval/previews/gif/anim_0228.gif","pending","MOVE_GHASTLY_ECHO","Ghastly Echo","1","Capture the original Platinum/base-era DS move animation once and reuse the capture for every mapped community move."
"anim_0240","platinum-base-move","240","MOVE_RAIN_DANCE","","docs/approval/previews/mp4/anim_0240.mp4","docs/approval/previews/gif/anim_0240.gif","pending","MOVE_RAIN_FLUSH","Rain Flush","1","Capture the original Platinum/base-era DS move animation once and reuse the capture for every mapped community move."
"anim_0242","platinum-base-move","242","MOVE_CRUNCH","","docs/approval/previews/mp4/anim_0242.mp4","docs/approval/previews/gif/anim_0242.gif","pending","MOVE_DEATHROLL","Deathroll","2","Capture the original Platinum/base-era DS move animation once and reuse the capture for every mapped community move."
"anim_0251","platinum-base-move","251","MOVE_BEAT_UP","","docs/approval/previews/mp4/anim_0251.mp4","docs/approval/previews/gif/anim_0251.gif","pending","MOVE_BEATDOWN","Beatdown","2","Capture the original Platinum/base-era DS move animation once and reuse the capture for every mapped community move."
"anim_0261","platinum-base-move","261","MOVE_WILL_O_WISP","","docs/approval/previews/mp4/anim_0261.mp4","docs/approval/previews/gif/anim_0261.gif","pending","MOVE_RAGING_SOULS","Raging Souls","3","Capture the original Platinum/base-era DS move animation once and reuse the capture for every mapped community move."
"anim_0263","platinum-base-move","263","MOVE_FACADE","","docs/approval/previews/mp4/anim_0263.mp4","docs/approval/previews/gif/anim_0263.gif","pending","MOVE_BRAVADO","Bravado","1","Capture the original Platinum/base-era DS move animation once and reuse the capture for every mapped community move."
"anim_0276","platinum-base-move","276","MOVE_SUPERPOWER","","docs/approval/previews/mp4/anim_0276.mp4","docs/approval/previews/gif/anim_0276.gif","pending","MOVE_YGGDRASIL_FORCE","Yggdrasil Force","1","Capture the original Platinum/base-era DS move animation once and reuse the capture for every mapped community move."
"anim_0301","platinum-base-move","301","MOVE_ICE_BALL","","docs/approval/previews/mp4/anim_0301.mp4","docs/approval/previews/gif/anim_0301.gif","pending","MOVE_CHILLER","Chiller","1","Capture the original Platinum/base-era DS move animation once and reuse the capture for every mapped community move."
"anim_0309","platinum-base-move","309","MOVE_METEOR_MASH","","docs/approval/previews/mp4/anim_0309.mp4","docs/approval/previews/gif/anim_0309.gif","pending","MOVE_STAR_CRASH","Star Crash","1","Capture the original Platinum/base-era DS move animation once and reuse the capture for every mapped community move."
"anim_0310","platinum-base-move","310","MOVE_ASTONISH","","docs/approval/previews/mp4/anim_0310.mp4","docs/approval/previews/gif/anim_0310.gif","pending","MOVE_READY_OR_NOT","Ready or Not","1","Capture the original Platinum/base-era DS move animation once and reuse the capture for every mapped community move."
"anim_0325","platinum-base-move","325","MOVE_SHADOW_PUNCH","","docs/approval/previews/mp4/anim_0325.mp4","docs/approval/previews/gif/anim_0325.gif","pending","MOVE_ONI_FIST","Oni Fist","1","Capture the original Platinum/base-era DS move animation once and reuse the capture for every mapped community move."
"anim_0331","platinum-base-move","331","MOVE_BULLET_SEED","","docs/approval/previews/mp4/anim_0331.mp4","docs/approval/previews/gif/anim_0331.gif","pending","MOVE_POP_MAYHEM","Popping Mayhem","1","Capture the original Platinum/base-era DS move animation once and reuse the capture for every mapped community move."
"anim_0344","platinum-base-move","344","MOVE_VOLT_TACKLE","","docs/approval/previews/mp4/anim_0344.mp4","docs/approval/previews/gif/anim_0344.gif","pending","MOVE_VOLT_BOLT","Volt Bolt","1","Capture the original Platinum/base-era DS move animation once and reuse the capture for every mapped community move."
"anim_0348","platinum-base-move","348","MOVE_LEAF_BLADE","","docs/approval/previews/mp4/anim_0348.mp4","docs/approval/previews/gif/anim_0348.gif","pending","MOVE_LEECH_BLADE","Leech Blade","1","Capture the original Platinum/base-era DS move animation once and reuse the capture for every mapped community move."
"anim_0349","platinum-base-move","349","MOVE_DRAGON_DANCE","","docs/approval/previews/mp4/anim_0349.mp4","docs/approval/previews/gif/anim_0349.gif","pending","MOVE_MYSTIC_DANCE","Mystic Dance","1","Capture the original Platinum/base-era DS move animation once and reuse the capture for every mapped community move."
"anim_0354","platinum-base-move","354","MOVE_PSYCHO_BOOST","","docs/approval/previews/mp4/anim_0354.mp4","docs/approval/previews/gif/anim_0354.gif","pending","MOVE_PSYCHO_WAVE","Psycho Wave","1","Capture the original Platinum/base-era DS move animation once and reuse the capture for every mapped community move."
"anim_0359","platinum-base-move","359","MOVE_HAMMER_ARM","","docs/approval/previews/mp4/anim_0359.mp4","docs/approval/previews/gif/anim_0359.gif","pending","MOVE_SMASHIN_REALITIES","Smashin\' Realities","1","Capture the original Platinum/base-era DS move animation once and reuse the capture for every mapped community move."
"anim_0369","platinum-base-move","369","MOVE_U_TURN","","docs/approval/previews/mp4/anim_0369.mp4","docs/approval/previews/gif/anim_0369.gif","pending","MOVE_FLUTTERING_LEAF","Fluttering Leaf","2","Capture the original Platinum/base-era DS move animation once and reuse the capture for every mapped community move."
"anim_0394","platinum-base-move","394","MOVE_FLARE_BLITZ","","docs/approval/previews/mp4/anim_0394.mp4","docs/approval/previews/gif/anim_0394.gif","pending","MOVE_SMOLDER_BASH","Smolder Bash","2","Capture the original Platinum/base-era DS move animation once and reuse the capture for every mapped community move."
"anim_0396","platinum-base-move","396","MOVE_AURA_SPHERE","","docs/approval/previews/mp4/anim_0396.mp4","docs/approval/previews/gif/anim_0396.gif","pending","MOVE_AURA_FORCE","Aura Force","2","Capture the original Platinum/base-era DS move animation once and reuse the capture for every mapped community move."
"anim_0399","platinum-base-move","399","MOVE_DARK_PULSE","","docs/approval/previews/mp4/anim_0399.mp4","docs/approval/previews/gif/anim_0399.gif","pending","MOVE_BLACK_MAGIC","Black Magic","2","Capture the original Platinum/base-era DS move animation once and reuse the capture for every mapped community move."
"anim_0400","platinum-base-move","400","MOVE_NIGHT_SLASH","","docs/approval/previews/mp4/anim_0400.mp4","docs/approval/previews/gif/anim_0400.gif","pending","MOVE_TERROR_LOCKS","Terror Locks","1","Capture the original Platinum/base-era DS move animation once and reuse the capture for every mapped community move."
"anim_0401","platinum-base-move","401","MOVE_AQUA_TAIL","","docs/approval/previews/mp4/anim_0401.mp4","docs/approval/previews/gif/anim_0401.gif","pending","MOVE_AQUA_BASH","Aqua Bash","1","Capture the original Platinum/base-era DS move animation once and reuse the capture for every mapped community move."
"anim_0407","platinum-base-move","407","MOVE_DRAGON_RUSH","","docs/approval/previews/mp4/anim_0407.mp4","docs/approval/previews/gif/anim_0407.gif","pending","MOVE_DRAGON_DASH","Dragon Dash","1","Capture the original Platinum/base-era DS move animation once and reuse the capture for every mapped community move."
"anim_0408","platinum-base-move","408","MOVE_POWER_GEM","","docs/approval/previews/mp4/anim_0408.mp4","docs/approval/previews/gif/anim_0408.gif","pending","MOVE_GEM_MISSILE","Gem Missile","1","Capture the original Platinum/base-era DS move animation once and reuse the capture for every mapped community move."
"anim_0413","platinum-base-move","413","MOVE_BRAVE_BIRD","","docs/approval/previews/mp4/anim_0413.mp4","docs/approval/previews/gif/anim_0413.gif","pending","MOVE_GODSPEED","Godspeed","1","Capture the original Platinum/base-era DS move animation once and reuse the capture for every mapped community move."
"anim_0421","platinum-base-move","421","MOVE_SHADOW_CLAW","","docs/approval/previews/mp4/anim_0421.mp4","docs/approval/previews/gif/anim_0421.gif","pending","MOVE_PHANTOM_GLOVES","Phantom Glove","1","Capture the original Platinum/base-era DS move animation once and reuse the capture for every mapped community move."
"anim_0432","platinum-base-move","432","MOVE_DEFOG","","docs/approval/previews/mp4/anim_0432.mp4","docs/approval/previews/gif/anim_0432.gif","pending","MOVE_CLEAR_SKIES","Clear Skies","1","Capture the original Platinum/base-era DS move animation once and reuse the capture for every mapped community move."
"anim_0433","platinum-base-move","433","MOVE_TRICK_ROOM","","docs/approval/previews/mp4/anim_0433.mp4","docs/approval/previews/gif/anim_0433.gif","pending","MOVE_INVERSE_ROOM","Inverse Room","1","Capture the original Platinum/base-era DS move animation once and reuse the capture for every mapped community move."
"anim_0435","platinum-base-move","435","MOVE_DISCHARGE","","docs/approval/previews/mp4/anim_0435.mp4","docs/approval/previews/gif/anim_0435.gif","pending","MOVE_UNSCREW","Hacksaw","1","Capture the original Platinum/base-era DS move animation once and reuse the capture for every mapped community move."
"anim_0452","platinum-base-move","452","MOVE_WOOD_HAMMER","","docs/approval/previews/mp4/anim_0452.mp4","docs/approval/previews/gif/anim_0452.gif","pending","MOVE_BERRY_SMASH","Berry Smash","1","Capture the original Platinum/base-era DS move animation once and reuse the capture for every mapped community move."
"anim_0464","platinum-base-move","464","MOVE_DARK_VOID","","docs/approval/previews/mp4/anim_0464.mp4","docs/approval/previews/gif/anim_0464.gif","pending","MOVE_VEXING_VOID","Vexing Void","2","Capture the original Platinum/base-era DS move animation once and reuse the capture for every mapped community move."
"anim_0467","platinum-base-move","467","MOVE_SHADOW_FORCE","","docs/approval/previews/mp4/anim_0467.mp4","docs/approval/previews/gif/anim_0467.gif","pending","MOVE_CHEAP_SHOT","Cheap Shot","1","Capture the original Platinum/base-era DS move animation once and reuse the capture for every mapped community move."
"anim_0471","hg-engine-script","471","animations/hg-engine/gen5/471.s","animations/hg-engine/gen5/471.s","docs/approval/previews/mp4/anim_0471.mp4","docs/approval/previews/gif/anim_0471.gif","pending","FIEBREORO","Fiebre del Oro","1","Render this hg-engine DS script once and reuse the capture for every mapped community move."
"anim_0472","hg-engine-script","472","animations/hg-engine/gen5/472.s","animations/hg-engine/gen5/472.s","docs/approval/previews/mp4/anim_0472.mp4","docs/approval/previews/gif/anim_0472.gif","pending","CHTHONICMALADY","Chthonic Malady","1","Render this hg-engine DS script once and reuse the capture for every mapped community move."
"anim_0473","hg-engine-script","473","animations/hg-engine/gen5/473.s","animations/hg-engine/gen5/473.s","docs/approval/previews/mp4/anim_0473.mp4","docs/approval/previews/gif/anim_0473.gif","pending","TERIUMPALM","Terium Palm","1","Render this hg-engine DS script once and reuse the capture for every mapped community move."
"anim_0476","hg-engine-script","476","animations/hg-engine/gen5/476.s","animations/hg-engine/gen5/476.s","docs/approval/previews/mp4/anim_0476.mp4","docs/approval/previews/gif/anim_0476.gif","pending","MOVE_MIND_BREAK","Mind Break","2","Render this hg-engine DS script once and reuse the capture for every mapped community move."
"anim_0477","hg-engine-script","477","animations/hg-engine/gen5/477.s","animations/hg-engine/gen5/477.s","docs/approval/previews/mp4/anim_0477.mp4","docs/approval/previews/gif/anim_0477.gif","pending","NIGHTBOUQUET","Night Bouquet","1","Render this hg-engine DS script once and reuse the capture for every mapped community move."
"anim_0478","hg-engine-script","478","animations/hg-engine/gen5/478.s","animations/hg-engine/gen5/478.s","docs/approval/previews/mp4/anim_0478.mp4","docs/approval/previews/gif/anim_0478.gif","pending","MORPH","Morph","1","Render this hg-engine DS script once and reuse the capture for every mapped community move."
"anim_0481","hg-engine-script","481","animations/hg-engine/gen5/481.s","animations/hg-engine/gen5/481.s","docs/approval/previews/mp4/anim_0481.mp4","docs/approval/previews/gif/anim_0481.gif","pending","MOVE_SHOWTIME","Showtime","2","Render this hg-engine DS script once and reuse the capture for every mapped community move."
"anim_0482","hg-engine-script","482","animations/hg-engine/gen5/482.s","animations/hg-engine/gen5/482.s","docs/approval/previews/mp4/anim_0482.mp4","docs/approval/previews/gif/anim_0482.gif","pending","MOVE_ASTEROID_DOWNFALL","Asteroid Shot","1","Render this hg-engine DS script once and reuse the capture for every mapped community move."
"anim_0485","hg-engine-script","485","animations/hg-engine/gen5/485.s","animations/hg-engine/gen5/485.s","docs/approval/previews/mp4/anim_0485.mp4","docs/approval/previews/gif/anim_0485.gif","pending","MOVE_TOXIC_PLUNGE","Toxic Plunge","2","Render this hg-engine DS script once and reuse the capture for every mapped community move."
"anim_0490","hg-engine-script","490","animations/hg-engine/gen5/490.s","animations/hg-engine/gen5/490.s","docs/approval/previews/mp4/anim_0490.mp4","docs/approval/previews/gif/anim_0490.gif","pending","AQUABATICS","Aquabatics","1","Render this hg-engine DS script once and reuse the capture for every mapped community move."
"anim_0491","hg-engine-script","491","animations/hg-engine/gen5/491.s","animations/hg-engine/gen5/491.s","docs/approval/previews/mp4/anim_0491.mp4","docs/approval/previews/gif/anim_0491.gif","pending","FLAMEIMPACT","Flame Impact","1","Render this hg-engine DS script once and reuse the capture for every mapped community move."
"anim_0492","hg-engine-script","492","animations/hg-engine/gen5/492.s","animations/hg-engine/gen5/492.s","docs/approval/previews/mp4/anim_0492.mp4","docs/approval/previews/gif/anim_0492.gif","pending","MOVE_SEPTIC_SWITCH","Septic Switch","1","Render this hg-engine DS script once and reuse the capture for every mapped community move."
"anim_0493","hg-engine-script","493","animations/hg-engine/gen5/493.s","animations/hg-engine/gen5/493.s","docs/approval/previews/mp4/anim_0493.mp4","docs/approval/previews/gif/anim_0493.gif","pending","SWIFTSTRIKE","Swift Strike","1","Render this hg-engine DS script once and reuse the capture for every mapped community move."
"anim_0496","hg-engine-script","496","animations/hg-engine/gen5/496.s","animations/hg-engine/gen5/496.s","docs/approval/previews/mp4/anim_0496.mp4","docs/approval/previews/gif/anim_0496.gif","pending","SUDOKU","Sudoku","1","Render this hg-engine DS script once and reuse the capture for every mapped community move."
"anim_0499","hg-engine-script","499","animations/hg-engine/gen5/499.s","animations/hg-engine/gen5/499.s","docs/approval/previews/mp4/anim_0499.mp4","docs/approval/previews/gif/anim_0499.gif","pending","SHUFFLE","Shuffle","1","Render this hg-engine DS script once and reuse the capture for every mapped community move."
"anim_0501","hg-engine-script","501","animations/hg-engine/gen5/501.s","animations/hg-engine/gen5/501.s","docs/approval/previews/mp4/anim_0501.mp4","docs/approval/previews/gif/anim_0501.gif","pending","MOVE_ARCHER_SHOT","Archer Shot","2","Render this hg-engine DS script once and reuse the capture for every mapped community move."
"anim_0503","hg-engine-script","503","animations/hg-engine/gen5/503.s","animations/hg-engine/gen5/503.s","docs/approval/previews/mp4/anim_0503.mp4","docs/approval/previews/gif/anim_0503.gif","pending","CHECKEM","Check 'Em","1","Render this hg-engine DS script once and reuse the capture for every mapped community move."
"anim_0504","hg-engine-script","504","animations/hg-engine/gen5/504.s","animations/hg-engine/gen5/504.s","docs/approval/previews/mp4/anim_0504.mp4","docs/approval/previews/gif/anim_0504.gif","pending","WEIRDFLEX","Weird Flex","2","Render this hg-engine DS script once and reuse the capture for every mapped community move."
"anim_0506","hg-engine-script","506","animations/hg-engine/gen5/506.s","animations/hg-engine/gen5/506.s","docs/approval/previews/mp4/anim_0506.mp4","docs/approval/previews/gif/anim_0506.gif","pending","CORALBREAK","Coral Break","3","Render this hg-engine DS script once and reuse the capture for every mapped community move."
"anim_0507","hg-engine-script","507","animations/hg-engine/gen5/507.s","animations/hg-engine/gen5/507.s","docs/approval/previews/mp4/anim_0507.mp4","docs/approval/previews/gif/anim_0507.gif","pending","PODERPRIMATE","Poder Primate","1","Render this hg-engine DS script once and reuse the capture for every mapped community move."
"anim_0510","hg-engine-script","510","animations/hg-engine/gen5/510.s","animations/hg-engine/gen5/510.s","docs/approval/previews/mp4/anim_0510.mp4","docs/approval/previews/gif/anim_0510.gif","pending","WHIRLYHELIX","Whirly Helix","1","Render this hg-engine DS script once and reuse the capture for every mapped community move."
"anim_0513","hg-engine-script","513","animations/hg-engine/gen5/513.s","animations/hg-engine/gen5/513.s","docs/approval/previews/mp4/anim_0513.mp4","docs/approval/previews/gif/anim_0513.gif","pending","WOWWIENER","Wow Wiener","1","Render this hg-engine DS script once and reuse the capture for every mapped community move."
"anim_0521","hg-engine-script","521","animations/hg-engine/gen5/521.s","animations/hg-engine/gen5/521.s","docs/approval/previews/mp4/anim_0521.mp4","docs/approval/previews/gif/anim_0521.gif","pending","GOLDENSPLASH","Golden Splash","2","Render this hg-engine DS script once and reuse the capture for every mapped community move."
"anim_0522","hg-engine-script","522","animations/hg-engine/gen5/522.s","animations/hg-engine/gen5/522.s","docs/approval/previews/mp4/anim_0522.mp4","docs/approval/previews/gif/anim_0522.gif","pending","MAGMADRIFT","Magma Drift","2","Render this hg-engine DS script once and reuse the capture for every mapped community move."
"anim_0523","hg-engine-script","523","animations/hg-engine/gen5/523.s","animations/hg-engine/gen5/523.s","docs/approval/previews/mp4/anim_0523.mp4","docs/approval/previews/gif/anim_0523.gif","pending","TORBIDVINESTORM","Torbid Vinestorm","2","Render this hg-engine DS script once and reuse the capture for every mapped community move."
"anim_0525","hg-engine-script","525","animations/hg-engine/gen5/525.s","animations/hg-engine/gen5/525.s","docs/approval/previews/mp4/anim_0525.mp4","docs/approval/previews/gif/anim_0525.gif","pending","IRRITATION","Irritation","2","Render this hg-engine DS script once and reuse the capture for every mapped community move."
"anim_0526","hg-engine-script","526","animations/hg-engine/gen5/526.s","animations/hg-engine/gen5/526.s","docs/approval/previews/mp4/anim_0526.mp4","docs/approval/previews/gif/anim_0526.gif","pending","QUICKSAND","Quick Sand","1","Render this hg-engine DS script once and reuse the capture for every mapped community move."
"anim_0530","hg-engine-script","530","animations/hg-engine/gen5/530.s","animations/hg-engine/gen5/530.s","docs/approval/previews/mp4/anim_0530.mp4","docs/approval/previews/gif/anim_0530.gif","pending","ELECTROBABA","Electrobaba","1","Render this hg-engine DS script once and reuse the capture for every mapped community move."
"anim_0532","hg-engine-script","532","animations/hg-engine/gen5/532.s","animations/hg-engine/gen5/532.s","docs/approval/previews/mp4/anim_0532.mp4","docs/approval/previews/gif/anim_0532.gif","pending","MOVE_TECTONIC_FANGS","Tectonic Fangs","1","Render this hg-engine DS script once and reuse the capture for every mapped community move."
"anim_0541","hg-engine-script","541","animations/hg-engine/gen5/541.s","animations/hg-engine/gen5/541.s","docs/approval/previews/mp4/anim_0541.mp4","docs/approval/previews/gif/anim_0541.gif","pending","MOVE_CREEPING_THORNS","Creeping Thorns","1","Render this hg-engine DS script once and reuse the capture for every mapped community move."
"anim_0542","hg-engine-script","542","animations/hg-engine/gen5/542.s","animations/hg-engine/gen5/542.s","docs/approval/previews/mp4/anim_0542.mp4","docs/approval/previews/gif/anim_0542.gif","pending","MOVE_OBSCURED_SHOT","Obscured Shot","2","Render this hg-engine DS script once and reuse the capture for every mapped community move."
"anim_0545","hg-engine-script","545","animations/hg-engine/gen5/545.s","animations/hg-engine/gen5/545.s","docs/approval/previews/mp4/anim_0545.mp4","docs/approval/previews/gif/anim_0545.gif","pending","MOVE_GIANT_GALE","Giant Gale","3","Render this hg-engine DS script once and reuse the capture for every mapped community move."
"anim_0546","hg-engine-script","546","animations/hg-engine/gen5/546.s","animations/hg-engine/gen5/546.s","docs/approval/previews/mp4/anim_0546.mp4","docs/approval/previews/gif/anim_0546.gif","pending","TRIMTACKLE","Trim Tackle","1","Render this hg-engine DS script once and reuse the capture for every mapped community move."
"anim_0547","hg-engine-script","547","animations/hg-engine/gen5/547.s","animations/hg-engine/gen5/547.s","docs/approval/previews/mp4/anim_0547.mp4","docs/approval/previews/gif/anim_0547.gif","pending","TRINCHAR","Trinchar","1","Render this hg-engine DS script once and reuse the capture for every mapped community move."
"anim_0548","hg-engine-script","548","animations/hg-engine/gen5/548.s","animations/hg-engine/gen5/548.s","docs/approval/previews/mp4/anim_0548.mp4","docs/approval/previews/gif/anim_0548.gif","pending","STEAMBURST","Steam Burst","1","Render this hg-engine DS script once and reuse the capture for every mapped community move."
"anim_0549","hg-engine-script","549","animations/hg-engine/gen5/549.s","animations/hg-engine/gen5/549.s","docs/approval/previews/mp4/anim_0549.mp4","docs/approval/previews/gif/anim_0549.gif","pending","ALPHASHOT","Alpha Shot","6","Render this hg-engine DS script once and reuse the capture for every mapped community move."
"anim_0550","hg-engine-script","550","animations/hg-engine/gen5/550.s","animations/hg-engine/gen5/550.s","docs/approval/previews/mp4/anim_0550.mp4","docs/approval/previews/gif/anim_0550.gif","pending","CARICATURA","Caricatura","1","Render this hg-engine DS script once and reuse the capture for every mapped community move."
"anim_0551","hg-engine-script","551","animations/hg-engine/gen5/551.s","animations/hg-engine/gen5/551.s","docs/approval/previews/mp4/anim_0551.mp4","docs/approval/previews/gif/anim_0551.gif","pending","FORCEWAVE","Force Wave","1","Render this hg-engine DS script once and reuse the capture for every mapped community move."
"anim_0553","hg-engine-script","553","animations/hg-engine/gen5/553.s","animations/hg-engine/gen5/553.s","docs/approval/previews/mp4/anim_0553.mp4","docs/approval/previews/gif/anim_0553.gif","pending","MOVE_SMITE","Smite","3","Render this hg-engine DS script once and reuse the capture for every mapped community move."
"anim_0557","hg-engine-script","557","animations/hg-engine/gen5/557.s","animations/hg-engine/gen5/557.s","docs/approval/previews/mp4/anim_0557.mp4","docs/approval/previews/gif/anim_0557.gif","pending","MOVE_BLUE_MOON","Blue Moon","1","Render this hg-engine DS script once and reuse the capture for every mapped community move."
"anim_0559","hg-engine-script","559","animations/hg-engine/gen5/559.s","animations/hg-engine/gen5/559.s","docs/approval/previews/mp4/anim_0559.mp4","docs/approval/previews/gif/anim_0559.gif","pending","MOVE_GLACIER_CRASH","Glacier Crash","2","Render this hg-engine DS script once and reuse the capture for every mapped community move."
"anim_0560","hg-engine-script","560","animations/hg-engine/gen5/560.s","animations/hg-engine/gen5/560.s","docs/approval/previews/mp4/anim_0560.mp4","docs/approval/previews/gif/anim_0560.gif","pending","CHOQUEVAPOR","Choque Vapor","1","Render this hg-engine DS script once and reuse the capture for every mapped community move."
"anim_0562","hg-engine-script","562","animations/hg-engine/gen5/562.s","animations/hg-engine/gen5/562.s","docs/approval/previews/mp4/anim_0562.mp4","docs/approval/previews/gif/anim_0562.gif","pending","BOLTBEAM","Boltbeam","1","Render this hg-engine DS script once and reuse the capture for every mapped community move."
"anim_0563","hg-engine-script","563","animations/hg-engine/gen6/563.s","animations/hg-engine/gen6/563.s","docs/approval/previews/mp4/anim_0563.mp4","docs/approval/previews/gif/anim_0563.gif","pending","GALESTRIKE","Gale Strike","1","Render this hg-engine DS script once and reuse the capture for every mapped community move."
"anim_0564","hg-engine-script","564","animations/hg-engine/gen6/564.s","animations/hg-engine/gen6/564.s","docs/approval/previews/mp4/anim_0564.mp4","docs/approval/previews/gif/anim_0564.gif","pending","HULKUP","Hulk Up","1","Render this hg-engine DS script once and reuse the capture for every mapped community move."
"anim_0567","hg-engine-script","567","animations/hg-engine/gen6/567.s","animations/hg-engine/gen6/567.s","docs/approval/previews/mp4/anim_0567.mp4","docs/approval/previews/gif/anim_0567.gif","pending","MOVE_WEB_SHOT","Web Shot","1","Render this hg-engine DS script once and reuse the capture for every mapped community move."
"anim_0568","hg-engine-script","568","animations/hg-engine/gen6/568.s","animations/hg-engine/gen6/568.s","docs/approval/previews/mp4/anim_0568.mp4","docs/approval/previews/gif/anim_0568.gif","pending","BARBEDWEB","Barbed Web","1","Render this hg-engine DS script once and reuse the capture for every mapped community move."
"anim_0569","hg-engine-script","569","animations/hg-engine/gen6/569.s","animations/hg-engine/gen6/569.s","docs/approval/previews/mp4/anim_0569.mp4","docs/approval/previews/gif/anim_0569.gif","pending","WHITEWRAITHS","White Wraiths","2","Render this hg-engine DS script once and reuse the capture for every mapped community move."
"anim_0573","hg-engine-script","573","animations/hg-engine/gen6/573.s","animations/hg-engine/gen6/573.s","docs/approval/previews/mp4/anim_0573.mp4","docs/approval/previews/gif/anim_0573.gif","pending","AEROGENERADOR","Aerogenerador","1","Render this hg-engine DS script once and reuse the capture for every mapped community move."
"anim_0574","hg-engine-script","574","animations/hg-engine/gen6/574.s","animations/hg-engine/gen6/574.s","docs/approval/previews/mp4/anim_0574.mp4","docs/approval/previews/gif/anim_0574.gif","pending","SLEAZYSPORES","Sleazy Spores","1","Render this hg-engine DS script once and reuse the capture for every mapped community move."
"anim_0575","hg-engine-script","575","animations/hg-engine/gen6/575.s","animations/hg-engine/gen6/575.s","docs/approval/previews/mp4/anim_0575.mp4","docs/approval/previews/gif/anim_0575.gif","pending","MOVE_LOTUS_SHOWER","Lotus Shower","2","Render this hg-engine DS script once and reuse the capture for every mapped community move."
"anim_0576","hg-engine-script","576","animations/hg-engine/gen6/576.s","animations/hg-engine/gen6/576.s","docs/approval/previews/mp4/anim_0576.mp4","docs/approval/previews/gif/anim_0576.gif","pending","MOVE_FLASH_FREEZE","Flash Freeze","2","Render this hg-engine DS script once and reuse the capture for every mapped community move."
"anim_0578","hg-engine-script","578","animations/hg-engine/gen6/578.s","animations/hg-engine/gen6/578.s","docs/approval/previews/mp4/anim_0578.mp4","docs/approval/previews/gif/anim_0578.gif","pending","MOVE_BLOOD_SHOT","Blood Shot","2","Render this hg-engine DS script once and reuse the capture for every mapped community move."
"anim_0579","hg-engine-script","579","animations/hg-engine/gen6/579.s","animations/hg-engine/gen6/579.s","docs/approval/previews/mp4/anim_0579.mp4","docs/approval/previews/gif/anim_0579.gif","pending","NEWMOON","New Moon","1","Render this hg-engine DS script once and reuse the capture for every mapped community move."
"anim_0580","hg-engine-script","580","animations/hg-engine/gen6/580.s","animations/hg-engine/gen6/580.s","docs/approval/previews/mp4/anim_0580.mp4","docs/approval/previews/gif/anim_0580.gif","pending","LIMPIASUENOS","Limpia Sueños","1","Render this hg-engine DS script once and reuse the capture for every mapped community move."
"anim_0581","hg-engine-script","581","animations/hg-engine/gen6/581.s","animations/hg-engine/gen6/581.s","docs/approval/previews/mp4/anim_0581.mp4","docs/approval/previews/gif/anim_0581.gif","pending","ELYSIANSHIELD","Elysian Shield","2","Render this hg-engine DS script once and reuse the capture for every mapped community move."
"anim_0582","hg-engine-script","582","animations/hg-engine/gen6/582.s","animations/hg-engine/gen6/582.s","docs/approval/previews/mp4/anim_0582.mp4","docs/approval/previews/gif/anim_0582.gif","pending","FALLOUT","Fallout","1","Render this hg-engine DS script once and reuse the capture for every mapped community move."
"anim_0584","hg-engine-script","584","animations/hg-engine/gen6/584.s","animations/hg-engine/gen6/584.s","docs/approval/previews/mp4/anim_0584.mp4","docs/approval/previews/gif/anim_0584.gif","pending","MOVE_TOXIC_TERRAIN","Toxic Terrain","2","Render this hg-engine DS script once and reuse the capture for every mapped community move."
"anim_0586","hg-engine-script","586","animations/hg-engine/gen6/586.s","animations/hg-engine/gen6/586.s","docs/approval/previews/mp4/anim_0586.mp4","docs/approval/previews/gif/anim_0586.gif","pending","MOVE_LOVELY_BITE","Lovely Bite","2","Render this hg-engine DS script once and reuse the capture for every mapped community move."
"anim_0587","hg-engine-script","587","animations/hg-engine/gen6/587.s","animations/hg-engine/gen6/587.s","docs/approval/previews/mp4/anim_0587.mp4","docs/approval/previews/gif/anim_0587.gif","pending","TRESDESEOS","Tres Deseos","3","Render this hg-engine DS script once and reuse the capture for every mapped community move."
"anim_0589","hg-engine-script","589","animations/hg-engine/gen6/589.s","animations/hg-engine/gen6/589.s","docs/approval/previews/mp4/anim_0589.mp4","docs/approval/previews/gif/anim_0589.gif","pending","MOVE_METALLIC_MELODY","Metallic Melody","3","Render this hg-engine DS script once and reuse the capture for every mapped community move."
"anim_0591","hg-engine-script","591","animations/hg-engine/gen6/591.s","animations/hg-engine/gen6/591.s","docs/approval/previews/mp4/anim_0591.mp4","docs/approval/previews/gif/anim_0591.gif","pending","IADOSGUARD","Iado's Guard","1","Render this hg-engine DS script once and reuse the capture for every mapped community move."
"anim_0592","hg-engine-script","592","animations/hg-engine/gen6/592.s","animations/hg-engine/gen6/592.s","docs/approval/previews/mp4/anim_0592.mp4","docs/approval/previews/gif/anim_0592.gif","pending","EXCITE","Excite","1","Render this hg-engine DS script once and reuse the capture for every mapped community move."
"anim_0594","hg-engine-script","594","animations/hg-engine/gen6/594.s","animations/hg-engine/gen6/594.s","docs/approval/previews/mp4/anim_0594.mp4","docs/approval/previews/gif/anim_0594.gif","pending","MATRIXSHOT","Matrix Shot","2","Render this hg-engine DS script once and reuse the capture for every mapped community move."
"anim_0596","hg-engine-script","596","animations/hg-engine/gen6/596.s","animations/hg-engine/gen6/596.s","docs/approval/previews/mp4/anim_0596.mp4","docs/approval/previews/gif/anim_0596.gif","pending","CODE:INJECTION","Code:Injection","1","Render this hg-engine DS script once and reuse the capture for every mapped community move."
"anim_0597","hg-engine-script","597","animations/hg-engine/gen6/597.s","animations/hg-engine/gen6/597.s","docs/approval/previews/mp4/anim_0597.mp4","docs/approval/previews/gif/anim_0597.gif","pending","OCEANSWRATH","Ocean's Wrath","2","Render this hg-engine DS script once and reuse the capture for every mapped community move."
"anim_0598","hg-engine-script","598","animations/hg-engine/gen6/598.s","animations/hg-engine/gen6/598.s","docs/approval/previews/mp4/anim_0598.mp4","docs/approval/previews/gif/anim_0598.gif","pending","FUEGOLUNAR","Fuego Lunar","3","Render this hg-engine DS script once and reuse the capture for every mapped community move."
"anim_0599","hg-engine-script","599","animations/hg-engine/gen6/599.s","animations/hg-engine/gen6/599.s","docs/approval/previews/mp4/anim_0599.mp4","docs/approval/previews/gif/anim_0599.gif","pending","HUNTERSWILDS","Hunter's Wilds","1","Render this hg-engine DS script once and reuse the capture for every mapped community move."
"anim_0605","hg-engine-script","605","animations/hg-engine/gen6/605.s","animations/hg-engine/gen6/605.s","docs/approval/previews/mp4/anim_0605.mp4","docs/approval/previews/gif/anim_0605.gif","pending","CODEQUARANTINE","Code:Quarantine","1","Render this hg-engine DS script once and reuse the capture for every mapped community move."
"anim_0607","hg-engine-script","607","animations/hg-engine/gen6/607.s","animations/hg-engine/gen6/607.s","docs/approval/previews/mp4/anim_0607.mp4","docs/approval/previews/gif/anim_0607.gif","pending","THUNDERSTORM","Thunderstorm","2","Render this hg-engine DS script once and reuse the capture for every mapped community move."
"anim_0609","hg-engine-script","609","animations/hg-engine/gen6/609.s","animations/hg-engine/gen6/609.s","docs/approval/previews/mp4/anim_0609.mp4","docs/approval/previews/gif/anim_0609.gif","pending","MOVE_PARTY_FAVORS","Party Favors","2","Render this hg-engine DS script once and reuse the capture for every mapped community move."
"anim_0615","hg-engine-script","615","animations/hg-engine/gen6/615.s","animations/hg-engine/gen6/615.s","docs/approval/previews/mp4/anim_0615.mp4","docs/approval/previews/gif/anim_0615.gif","pending","STACKINGSHOT","Stacking Shot","2","Render this hg-engine DS script once and reuse the capture for every mapped community move."
"anim_0616","hg-engine-script","616","animations/hg-engine/gen6/616.s","animations/hg-engine/gen6/616.s","docs/approval/previews/mp4/anim_0616.mp4","docs/approval/previews/gif/anim_0616.gif","pending","ALAFUNESTA","Ala Funesta","2","Render this hg-engine DS script once and reuse the capture for every mapped community move."
"anim_0617","hg-engine-script","617","animations/hg-engine/gen6/617.s","animations/hg-engine/gen6/617.s","docs/approval/previews/mp4/anim_0617.mp4","docs/approval/previews/gif/anim_0617.gif","pending","MOVE_CLAY_DART","Clay Dart","7","Render this hg-engine DS script once and reuse the capture for every mapped community move."
"anim_0618","hg-engine-script","618","animations/hg-engine/gen6/618.s","animations/hg-engine/gen6/618.s","docs/approval/previews/mp4/anim_0618.mp4","docs/approval/previews/gif/anim_0618.gif","pending","KAOLINBASH","Kaolin Bash","1","Render this hg-engine DS script once and reuse the capture for every mapped community move."
"anim_0621","hg-engine-script","621","animations/hg-engine/gen6/621.s","animations/hg-engine/gen6/621.s","docs/approval/previews/mp4/anim_0621.mp4","docs/approval/previews/gif/anim_0621.gif","pending","CRIMSONSURGE","Crimson Surge","1","Render this hg-engine DS script once and reuse the capture for every mapped community move."
"anim_0622","hg-engine-script","622","animations/hg-engine/gen6/622.s","animations/hg-engine/gen6/622.s","docs/approval/previews/mp4/anim_0622.mp4","docs/approval/previews/gif/anim_0622.gif","pending","MOVE_SEISMIC_BLADE","Seismic Blade","2","Render this hg-engine DS script once and reuse the capture for every mapped community move."
"anim_0623","hg-engine-script","623","animations/hg-engine/gen6/623.s","animations/hg-engine/gen6/623.s","docs/approval/previews/mp4/anim_0623.mp4","docs/approval/previews/gif/anim_0623.gif","pending","MOVE_SKY_QUAKE","Sky Quake","2","Render this hg-engine DS script once and reuse the capture for every mapped community move."
"anim_0634","hg-engine-script","634","animations/hg-engine/gen7/634.s","animations/hg-engine/gen7/634.s","docs/approval/previews/mp4/anim_0634.mp4","docs/approval/previews/gif/anim_0634.gif","pending","GEOIMPACTO","Geoimpacto","1","Render this hg-engine DS script once and reuse the capture for every mapped community move."
"anim_0636","hg-engine-script","636","animations/hg-engine/gen7/636.s","animations/hg-engine/gen7/636.s","docs/approval/previews/mp4/anim_0636.mp4","docs/approval/previews/gif/anim_0636.gif","pending","ROCAVOLTAICA","Roca Voltaica","2","Render this hg-engine DS script once and reuse the capture for every mapped community move."
"anim_0641","hg-engine-script","641","animations/hg-engine/gen7/641.s","animations/hg-engine/gen7/641.s","docs/approval/previews/mp4/anim_0641.mp4","docs/approval/previews/gif/anim_0641.gif","pending","ULTRAMEGADEATH","Super Ultra Mega Death Move","1","Render this hg-engine DS script once and reuse the capture for every mapped community move."
"anim_0643","hg-engine-script","643","animations/hg-engine/gen7/643.s","animations/hg-engine/gen7/643.s","docs/approval/previews/mp4/anim_0643.mp4","docs/approval/previews/gif/anim_0643.gif","pending","CUERNARDIENTE","Cuerno Ígneo","1","Render this hg-engine DS script once and reuse the capture for every mapped community move."
"anim_0649","hg-engine-script","649","animations/hg-engine/gen7/649.s","animations/hg-engine/gen7/649.s","docs/approval/previews/mp4/anim_0649.mp4","docs/approval/previews/gif/anim_0649.gif","pending","TASER","Táser","1","Render this hg-engine DS script once and reuse the capture for every mapped community move."
"anim_0650","hg-engine-script","650","animations/hg-engine/gen7/650.s","animations/hg-engine/gen7/650.s","docs/approval/previews/mp4/anim_0650.mp4","docs/approval/previews/gif/anim_0650.gif","pending","BORRASCA","Borrasca","1","Render this hg-engine DS script once and reuse the capture for every mapped community move."
"anim_0657","hg-engine-script","657","animations/hg-engine/gen7/657.s","animations/hg-engine/gen7/657.s","docs/approval/previews/mp4/anim_0657.mp4","docs/approval/previews/gif/anim_0657.gif","pending","ABRAZOFEROZ","Abrazo Feroz","1","Render this hg-engine DS script once and reuse the capture for every mapped community move."
"anim_0658","hg-engine-script","658","animations/hg-engine/gen7/658.s","animations/hg-engine/gen7/658.s","docs/approval/previews/mp4/anim_0658.mp4","docs/approval/previews/gif/anim_0658.gif","pending","DARKMATTER","Dark Matter","1","Render this hg-engine DS script once and reuse the capture for every mapped community move."
"anim_0662","hg-engine-script","662","animations/hg-engine/gen7/662.s","animations/hg-engine/gen7/662.s","docs/approval/previews/mp4/anim_0662.mp4","docs/approval/previews/gif/anim_0662.gif","pending","DESERTSMARK","Desert's Mark","3","Render this hg-engine DS script once and reuse the capture for every mapped community move."
"anim_0663","hg-engine-script","663","animations/hg-engine/gen7/663.s","animations/hg-engine/gen7/663.s","docs/approval/previews/mp4/anim_0663.mp4","docs/approval/previews/gif/anim_0663.gif","pending","MOVE_FIVE_STAR_FURY","Five-Star Fury","1","Render this hg-engine DS script once and reuse the capture for every mapped community move."
"anim_0664","hg-engine-script","664","animations/hg-engine/gen7/664.s","animations/hg-engine/gen7/664.s","docs/approval/previews/mp4/anim_0664.mp4","docs/approval/previews/gif/anim_0664.gif","pending","NUCLEARWASTE","Nuclear Waste","2","Render this hg-engine DS script once and reuse the capture for every mapped community move."
"anim_0665","hg-engine-script","665","animations/hg-engine/gen7/665.s","animations/hg-engine/gen7/665.s","docs/approval/previews/mp4/anim_0665.mp4","docs/approval/previews/gif/anim_0665.gif","pending","MOVE_SPARKLING_BARRAGE","Sparkling Barrage","1","Render this hg-engine DS script once and reuse the capture for every mapped community move."
"anim_0666","hg-engine-script","666","animations/hg-engine/gen7/666.s","animations/hg-engine/gen7/666.s","docs/approval/previews/mp4/anim_0666.mp4","docs/approval/previews/gif/anim_0666.gif","pending","MOVE_DOUBLE_LARIAT","Double Lariat","1","Render this hg-engine DS script once and reuse the capture for every mapped community move."
"anim_0668","hg-engine-script","668","animations/hg-engine/gen7/668.s","animations/hg-engine/gen7/668.s","docs/approval/previews/mp4/anim_0668.mp4","docs/approval/previews/gif/anim_0668.gif","pending","MOVE_FROST_BRAND","Frost Brand","4","Render this hg-engine DS script once and reuse the capture for every mapped community move."
"anim_0670","hg-engine-script","670","animations/hg-engine/gen7/670.s","animations/hg-engine/gen7/670.s","docs/approval/previews/mp4/anim_0670.mp4","docs/approval/previews/gif/anim_0670.gif","pending","MOVE_MOUNTAIN_CHUNK","Mountain Chunk","1","Render this hg-engine DS script once and reuse the capture for every mapped community move."
"anim_0671","hg-engine-script","671","animations/hg-engine/gen7/671.s","animations/hg-engine/gen7/671.s","docs/approval/previews/mp4/anim_0671.mp4","docs/approval/previews/gif/anim_0671.gif","pending","MOVE_DRAIN_BRAIN","Drain Brain","1","Render this hg-engine DS script once and reuse the capture for every mapped community move."
"anim_0672","hg-engine-script","672","animations/hg-engine/gen7/672.s","animations/hg-engine/gen7/672.s","docs/approval/previews/mp4/anim_0672.mp4","docs/approval/previews/gif/anim_0672.gif","pending","SLASHANDBURN","Slash and Burn","3","Render this hg-engine DS script once and reuse the capture for every mapped community move."
"anim_0673","hg-engine-script","673","animations/hg-engine/gen7/673.s","animations/hg-engine/gen7/673.s","docs/approval/previews/mp4/anim_0673.mp4","docs/approval/previews/gif/anim_0673.gif","pending","SPLINTERSHOT","Splinter Shot","1","Render this hg-engine DS script once and reuse the capture for every mapped community move."
"anim_0674","hg-engine-script","674","animations/hg-engine/gen7/674.s","animations/hg-engine/gen7/674.s","docs/approval/previews/mp4/anim_0674.mp4","docs/approval/previews/gif/anim_0674.gif","pending","INSTANTWHISTLE","Instant Whistle","1","Render this hg-engine DS script once and reuse the capture for every mapped community move."
"anim_0675","hg-engine-script","675","animations/hg-engine/gen7/675.s","animations/hg-engine/gen7/675.s","docs/approval/previews/mp4/anim_0675.mp4","docs/approval/previews/gif/anim_0675.gif","pending","BOOMINSTALL","Virus Inject","1","Render this hg-engine DS script once and reuse the capture for every mapped community move."
"anim_0679","hg-engine-script","679","animations/hg-engine/gen7/679.s","animations/hg-engine/gen7/679.s","docs/approval/previews/mp4/anim_0679.mp4","docs/approval/previews/gif/anim_0679.gif","pending","PUKEBLOOD","Puke Blood","1","Render this hg-engine DS script once and reuse the capture for every mapped community move."
"anim_0683","hg-engine-script","683","animations/hg-engine/gen7/683.s","animations/hg-engine/gen7/683.s","docs/approval/previews/mp4/anim_0683.mp4","docs/approval/previews/gif/anim_0683.gif","pending","MOVE_BLAZING_ARROW","Blazing Arrow","4","Render this hg-engine DS script once and reuse the capture for every mapped community move."
"anim_0685","hg-engine-script","685","animations/hg-engine/gen7/685.s","animations/hg-engine/gen7/685.s","docs/approval/previews/mp4/anim_0685.mp4","docs/approval/previews/gif/anim_0685.gif","pending","MOVE_SCORCHED_EARTH","Scorched Earth","1","Render this hg-engine DS script once and reuse the capture for every mapped community move."
"anim_0687","hg-engine-script","687","animations/hg-engine/gen7/687.s","animations/hg-engine/gen7/687.s","docs/approval/previews/mp4/anim_0687.mp4","docs/approval/previews/gif/anim_0687.gif","pending","1000FOLDS","1000 Folds","1","Render this hg-engine DS script once and reuse the capture for every mapped community move."
"anim_0689","hg-engine-script","689","animations/hg-engine/gen7/689.s","animations/hg-engine/gen7/689.s","docs/approval/previews/mp4/anim_0689.mp4","docs/approval/previews/gif/anim_0689.gif","pending","MOVE_ESPER_WALTZ","Esper Waltz","3","Render this hg-engine DS script once and reuse the capture for every mapped community move."
"anim_0690","hg-engine-script","690","animations/hg-engine/gen7/690.s","animations/hg-engine/gen7/690.s","docs/approval/previews/mp4/anim_0690.mp4","docs/approval/previews/gif/anim_0690.gif","pending","EXPUNGE","Expunge","1","Render this hg-engine DS script once and reuse the capture for every mapped community move."
"anim_0694","hg-engine-script","694","animations/hg-engine/gen7/694.s","animations/hg-engine/gen7/694.s","docs/approval/previews/mp4/anim_0694.mp4","docs/approval/previews/gif/anim_0694.gif","pending","CAUSTICBREATH","Caustic Breath","1","Render this hg-engine DS script once and reuse the capture for every mapped community move."
"anim_0695","hg-engine-script","695","animations/hg-engine/gen7/695.s","animations/hg-engine/gen7/695.s","docs/approval/previews/mp4/anim_0695.mp4","docs/approval/previews/gif/anim_0695.gif","pending","DRAGONFIST","Dragon Fist","1","Render this hg-engine DS script once and reuse the capture for every mapped community move."
"anim_0697","hg-engine-script","697","animations/hg-engine/gen7/697.s","animations/hg-engine/gen7/697.s","docs/approval/previews/mp4/anim_0697.mp4","docs/approval/previews/gif/anim_0697.gif","pending","PERMAFROST","Permafrost","1","Render this hg-engine DS script once and reuse the capture for every mapped community move."
"anim_0702","hg-engine-script","702","animations/hg-engine/gen7/702.s","animations/hg-engine/gen7/702.s","docs/approval/previews/mp4/anim_0702.mp4","docs/approval/previews/gif/anim_0702.gif","pending","HEXINGSLASH","Hexing Slash","1","Render this hg-engine DS script once and reuse the capture for every mapped community move."
"anim_0705","hg-engine-script","705","animations/hg-engine/gen7/705.s","animations/hg-engine/gen7/705.s","docs/approval/previews/mp4/anim_0705.mp4","docs/approval/previews/gif/anim_0705.gif","pending","RETROGRADE","Retrograde","1","Render this hg-engine DS script once and reuse the capture for every mapped community move."
"anim_0707","hg-engine-script","707","animations/hg-engine/gen7/707.s","animations/hg-engine/gen7/707.s","docs/approval/previews/mp4/anim_0707.mp4","docs/approval/previews/gif/anim_0707.gif","pending","HOLYDUTY","Holy Duty","1","Render this hg-engine DS script once and reuse the capture for every mapped community move."
"anim_0708","hg-engine-script","708","animations/hg-engine/gen7/708.s","animations/hg-engine/gen7/708.s","docs/approval/previews/mp4/anim_0708.mp4","docs/approval/previews/gif/anim_0708.gif","pending","MOVE_PIXIE_BEAM","Pixie Beam","3","Render this hg-engine DS script once and reuse the capture for every mapped community move."
"anim_0709","hg-engine-script","709","animations/hg-engine/gen7/709.s","animations/hg-engine/gen7/709.s","docs/approval/previews/mp4/anim_0709.mp4","docs/approval/previews/gif/anim_0709.gif","pending","TRIPLEWHIRLING","Triple Whirling","1","Render this hg-engine DS script once and reuse the capture for every mapped community move."
"anim_0711","hg-engine-script","711","animations/hg-engine/gen7/711.s","animations/hg-engine/gen7/711.s","docs/approval/previews/mp4/anim_0711.mp4","docs/approval/previews/gif/anim_0711.gif","pending","MOVE_SHADOW_FANGS","Shadow Fangs","4","Render this hg-engine DS script once and reuse the capture for every mapped community move."
"anim_0712","hg-engine-script","712","animations/hg-engine/gen7/712.s","animations/hg-engine/gen7/712.s","docs/approval/previews/mp4/anim_0712.mp4","docs/approval/previews/gif/anim_0712.gif","pending","BLINDINGSPEED","Blinding Speed","2","Render this hg-engine DS script once and reuse the capture for every mapped community move."
"anim_0713","hg-engine-script","713","animations/hg-engine/gen7/713.s","animations/hg-engine/gen7/713.s","docs/approval/previews/mp4/anim_0713.mp4","docs/approval/previews/gif/anim_0713.gif","pending","WAVELASH","Wave Lash","3","Render this hg-engine DS script once and reuse the capture for every mapped community move."
"anim_0714","hg-engine-script","714","animations/hg-engine/gen7/714.s","animations/hg-engine/gen7/714.s","docs/approval/previews/mp4/anim_0714.mp4","docs/approval/previews/gif/anim_0714.gif","pending","MOVE_PRISM_BLAST","Prism Blast","1","Render this hg-engine DS script once and reuse the capture for every mapped community move."
"anim_0715","hg-engine-script","715","animations/hg-engine/gen7/715.s","animations/hg-engine/gen7/715.s","docs/approval/previews/mp4/anim_0715.mp4","docs/approval/previews/gif/anim_0715.gif","pending","ZOMBIESTRIKE","Zombie Strike","2","Render this hg-engine DS script once and reuse the capture for every mapped community move."
"anim_0716","hg-engine-script","716","animations/hg-engine/gen7/716.s","animations/hg-engine/gen7/716.s","docs/approval/previews/mp4/anim_0716.mp4","docs/approval/previews/gif/anim_0716.gif","pending","MOVE_SUNSTRIKE","Sunstrike (N)","2","Render this hg-engine DS script once and reuse the capture for every mapped community move."
"anim_0717","hg-engine-script","717","animations/hg-engine/gen7/717.s","animations/hg-engine/gen7/717.s","docs/approval/previews/mp4/anim_0717.mp4","docs/approval/previews/gif/anim_0717.gif","pending","SPECTRALHORDE","Spectral Horde","2","Render this hg-engine DS script once and reuse the capture for every mapped community move."
"anim_0719","hg-engine-script","719","animations/hg-engine/gen7/719.s","animations/hg-engine/gen7/719.s","docs/approval/previews/mp4/anim_0719.mp4","docs/approval/previews/gif/anim_0719.gif","pending","MOVE_SHOCKING_EDGE","Shocking Edge","3","Render this hg-engine DS script once and reuse the capture for every mapped community move."
"anim_0724","hg-engine-script","724","animations/hg-engine/gen7/724.s","animations/hg-engine/gen7/724.s","docs/approval/previews/mp4/anim_0724.mp4","docs/approval/previews/gif/anim_0724.gif","pending","MOVE_SHOCKING_JAB","Shocking Jab","3","Render this hg-engine DS script once and reuse the capture for every mapped community move."
"anim_0729","hg-engine-script","729","animations/hg-engine/gen7/729.s","animations/hg-engine/gen7/729.s","docs/approval/previews/mp4/anim_0729.mp4","docs/approval/previews/gif/anim_0729.gif","pending","MOVE_CUTSIE_SLAP","Cutsie Slap","1","Render this hg-engine DS script once and reuse the capture for every mapped community move."
"anim_0731","hg-engine-script","731","animations/hg-engine/gen7/731.s","animations/hg-engine/gen7/731.s","docs/approval/previews/mp4/anim_0731.mp4","docs/approval/previews/gif/anim_0731.gif","pending","DRAKONVOICE","Drakon Voice","2","Render this hg-engine DS script once and reuse the capture for every mapped community move."
"anim_0732","hg-engine-script","732","animations/hg-engine/gen7/732.s","animations/hg-engine/gen7/732.s","docs/approval/previews/mp4/anim_0732.mp4","docs/approval/previews/gif/anim_0732.gif","pending","MOVE_LIGHTNING_STRIKE","Lightning Strike","2","Render this hg-engine DS script once and reuse the capture for every mapped community move."
"anim_0733","hg-engine-script","733","animations/hg-engine/gen7/733.s","animations/hg-engine/gen7/733.s","docs/approval/previews/mp4/anim_0733.mp4","docs/approval/previews/gif/anim_0733.gif","pending","SIRENSONG","Siren Song","1","Render this hg-engine DS script once and reuse the capture for every mapped community move."
"anim_0734","hg-engine-script","734","animations/hg-engine/gen7/734.s","animations/hg-engine/gen7/734.s","docs/approval/previews/mp4/anim_0734.mp4","docs/approval/previews/gif/anim_0734.gif","pending","HEAVENLYWING","Heavenly Wing","3","Render this hg-engine DS script once and reuse the capture for every mapped community move."
"anim_0736","hg-engine-script","736","animations/hg-engine/gen7/736.s","animations/hg-engine/gen7/736.s","docs/approval/previews/mp4/anim_0736.mp4","docs/approval/previews/gif/anim_0736.gif","pending","AHOGAMIENTO","Zambullida","1","Render this hg-engine DS script once and reuse the capture for every mapped community move."
"anim_0738","hg-engine-script","738","animations/hg-engine/gen7/738.s","animations/hg-engine/gen7/738.s","docs/approval/previews/mp4/anim_0738.mp4","docs/approval/previews/gif/anim_0738.gif","pending","INFERNALBLADE","Infernal Blade","2","Render this hg-engine DS script once and reuse the capture for every mapped community move."
"anim_0741","hg-engine-script","741","animations/hg-engine/gen7/741.s","animations/hg-engine/gen7/741.s","docs/approval/previews/mp4/anim_0741.mp4","docs/approval/previews/gif/anim_0741.gif","pending","ENEMA","Enema","2","Render this hg-engine DS script once and reuse the capture for every mapped community move."
"anim_0742","hg-engine-script","742","animations/hg-engine/gen7/742.s","animations/hg-engine/gen7/742.s","docs/approval/previews/mp4/anim_0742.mp4","docs/approval/previews/gif/anim_0742.gif","pending","HOARFROSTMOON","Hoarfrost Moon","1","Render this hg-engine DS script once and reuse the capture for every mapped community move."
"anim_0745","hg-engine-script","745","animations/hg-engine/gen7/745.s","animations/hg-engine/gen7/745.s","docs/approval/previews/mp4/anim_0745.mp4","docs/approval/previews/gif/anim_0745.gif","pending","MOVE_IRON_FANGS","Iron Fangs","1","Render this hg-engine DS script once and reuse the capture for every mapped community move."
"anim_0749","hg-engine-script","749","animations/hg-engine/gen8/749.s","animations/hg-engine/gen8/749.s","docs/approval/previews/mp4/anim_0749.mp4","docs/approval/previews/gif/anim_0749.gif","pending","MOVE_KILOBITE","Kilobite","4","Render this hg-engine DS script once and reuse the capture for every mapped community move."
"anim_0752","hg-engine-script","752","animations/hg-engine/gen8/752.s","animations/hg-engine/gen8/752.s","docs/approval/previews/mp4/anim_0752.mp4","docs/approval/previews/gif/anim_0752.gif","pending","MEDUSARAY","Medusa Ray","1","Render this hg-engine DS script once and reuse the capture for every mapped community move."
"anim_0754","hg-engine-script","754","animations/hg-engine/gen8/754.s","animations/hg-engine/gen8/754.s","docs/approval/previews/mp4/anim_0754.mp4","docs/approval/previews/gif/anim_0754.gif","pending","DRACOJET","Draco Jet","1","Render this hg-engine DS script once and reuse the capture for every mapped community move."
"anim_0758","hg-engine-script","758","animations/hg-engine/gen8/758.s","animations/hg-engine/gen8/758.s","docs/approval/previews/mp4/anim_0758.mp4","docs/approval/previews/gif/anim_0758.gif","pending","DELUGE","Deluge","1","Render this hg-engine DS script once and reuse the capture for every mapped community move."
"anim_0760","hg-engine-script","760","animations/hg-engine/gen8/760.s","animations/hg-engine/gen8/760.s","docs/approval/previews/mp4/anim_0760.mp4","docs/approval/previews/gif/anim_0760.gif","pending","FIREBOMB","Fire Bomb","1","Render this hg-engine DS script once and reuse the capture for every mapped community move."
"anim_0761","hg-engine-script","761","animations/hg-engine/gen8/761.s","animations/hg-engine/gen8/761.s","docs/approval/previews/mp4/anim_0761.mp4","docs/approval/previews/gif/anim_0761.gif","pending","PODERCIMEX","Poder Cimex","1","Render this hg-engine DS script once and reuse the capture for every mapped community move."
"anim_0763","hg-engine-script","763","animations/hg-engine/gen8/763.s","animations/hg-engine/gen8/763.s","docs/approval/previews/mp4/anim_0763.mp4","docs/approval/previews/gif/anim_0763.gif","pending","ACHILLESHEEL","Achilles Heel","3","Render this hg-engine DS script once and reuse the capture for every mapped community move."
"anim_0764","hg-engine-script","764","animations/hg-engine/gen8/764.s","animations/hg-engine/gen8/764.s","docs/approval/previews/mp4/anim_0764.mp4","docs/approval/previews/gif/anim_0764.gif","pending","LLUVIAPUNOS","Lluvia de Puños","1","Render this hg-engine DS script once and reuse the capture for every mapped community move."
"anim_0765","hg-engine-script","765","animations/hg-engine/gen8/765.s","animations/hg-engine/gen8/765.s","docs/approval/previews/mp4/anim_0765.mp4","docs/approval/previews/gif/anim_0765.gif","pending","ABSORBESENCIA","Absorbesencia","2","Render this hg-engine DS script once and reuse the capture for every mapped community move."
"anim_0769","hg-engine-script","769","animations/hg-engine/gen8/769.s","animations/hg-engine/gen8/769.s","docs/approval/previews/mp4/anim_0769.mp4","docs/approval/previews/gif/anim_0769.gif","pending","MIGRACIÓN","Migración","2","Render this hg-engine DS script once and reuse the capture for every mapped community move."
"anim_0770","hg-engine-script","770","animations/hg-engine/gen8/770.s","animations/hg-engine/gen8/770.s","docs/approval/previews/mp4/anim_0770.mp4","docs/approval/previews/gif/anim_0770.gif","pending","SPARKLECLUSTER","Sparkle Cluster","4","Render this hg-engine DS script once and reuse the capture for every mapped community move."
"anim_0772","hg-engine-script","772","animations/hg-engine/gen8/772.s","animations/hg-engine/gen8/772.s","docs/approval/previews/mp4/anim_0772.mp4","docs/approval/previews/gif/anim_0772.gif","pending","TRIGGER","Trigger","1","Render this hg-engine DS script once and reuse the capture for every mapped community move."
"anim_0773","hg-engine-script","773","animations/hg-engine/gen8/773.s","animations/hg-engine/gen8/773.s","docs/approval/previews/mp4/anim_0773.mp4","docs/approval/previews/gif/anim_0773.gif","pending","DESPRENDIMIENTO","Desprendimiento","1","Render this hg-engine DS script once and reuse the capture for every mapped community move."
"anim_0774","hg-engine-script","774","animations/hg-engine/gen8/774.s","animations/hg-engine/gen8/774.s","docs/approval/previews/mp4/anim_0774.mp4","docs/approval/previews/gif/anim_0774.gif","pending","PODEREVOL","Poder Evolutivo","1","Render this hg-engine DS script once and reuse the capture for every mapped community move."
"anim_0775","hg-engine-script","775","animations/hg-engine/gen8/775.s","animations/hg-engine/gen8/775.s","docs/approval/previews/mp4/anim_0775.mp4","docs/approval/previews/gif/anim_0775.gif","pending","TIROTEO","Tiroteo","2","Render this hg-engine DS script once and reuse the capture for every mapped community move."
"anim_0776","hg-engine-script","776","animations/hg-engine/gen8/776.s","animations/hg-engine/gen8/776.s","docs/approval/previews/mp4/anim_0776.mp4","docs/approval/previews/gif/anim_0776.gif","pending","ZARZAS","Zarzas","4","Render this hg-engine DS script once and reuse the capture for every mapped community move."
"anim_0777","hg-engine-script","777","animations/hg-engine/gen8/777.s","animations/hg-engine/gen8/777.s","docs/approval/previews/mp4/anim_0777.mp4","docs/approval/previews/gif/anim_0777.gif","pending","IRONBARB","Iron Barb","3","Render this hg-engine DS script once and reuse the capture for every mapped community move."
"anim_0778","hg-engine-script","778","animations/hg-engine/gen8/778.s","animations/hg-engine/gen8/778.s","docs/approval/previews/mp4/anim_0778.mp4","docs/approval/previews/gif/anim_0778.gif","pending","JETSTREAM","Jet Stream","1","Render this hg-engine DS script once and reuse the capture for every mapped community move."
"anim_0779","hg-engine-script","779","animations/hg-engine/gen8/779.s","animations/hg-engine/gen8/779.s","docs/approval/previews/mp4/anim_0779.mp4","docs/approval/previews/gif/anim_0779.gif","pending","SHADOWSTEP","Shadow Step","2","Render this hg-engine DS script once and reuse the capture for every mapped community move."
"anim_0781","hg-engine-script","781","animations/hg-engine/gen8/781.s","animations/hg-engine/gen8/781.s","docs/approval/previews/mp4/anim_0781.mp4","docs/approval/previews/gif/anim_0781.gif","pending","DRUMBEAT","Drum Beat","1","Render this hg-engine DS script once and reuse the capture for every mapped community move."
"anim_0783","hg-engine-script","783","animations/hg-engine/gen8/783.s","animations/hg-engine/gen8/783.s","docs/approval/previews/mp4/anim_0783.mp4","docs/approval/previews/gif/anim_0783.gif","pending","SOLARFLARE","Solar Flare","2","Render this hg-engine DS script once and reuse the capture for every mapped community move."
"anim_0784","hg-engine-script","784","animations/hg-engine/gen8/784.s","animations/hg-engine/gen8/784.s","docs/approval/previews/mp4/anim_0784.mp4","docs/approval/previews/gif/anim_0784.gif","pending","MOVE_EXCALIBUR","Excalibur","2","Render this hg-engine DS script once and reuse the capture for every mapped community move."
"anim_0785","hg-engine-script","785","animations/hg-engine/gen8/785.s","animations/hg-engine/gen8/785.s","docs/approval/previews/mp4/anim_0785.mp4","docs/approval/previews/gif/anim_0785.gif","pending","SOVEREIGNEDGE","Sovereign Edge","1","Render this hg-engine DS script once and reuse the capture for every mapped community move."
"anim_0791","hg-engine-script","791","animations/hg-engine/gen8/791.s","animations/hg-engine/gen8/791.s","docs/approval/previews/mp4/anim_0791.mp4","docs/approval/previews/gif/anim_0791.gif","pending","SPICYMAW","Spicy Maw","1","Render this hg-engine DS script once and reuse the capture for every mapped community move."
"anim_0792","hg-engine-script","792","animations/hg-engine/gen8/792.s","animations/hg-engine/gen8/792.s","docs/approval/previews/mp4/anim_0792.mp4","docs/approval/previews/gif/anim_0792.gif","pending","MOVE_CUPID_SHOT","Cupid Shot","5","Render this hg-engine DS script once and reuse the capture for every mapped community move."
"anim_0798","hg-engine-script","798","animations/hg-engine/gen8/798.s","animations/hg-engine/gen8/798.s","docs/approval/previews/mp4/anim_0798.mp4","docs/approval/previews/gif/anim_0798.gif","pending","UNLEASHEDPOWER","Unleashed Power","1","Render this hg-engine DS script once and reuse the capture for every mapped community move."
"anim_0799","hg-engine-script","799","animations/hg-engine/gen8/799.s","animations/hg-engine/gen8/799.s","docs/approval/previews/mp4/anim_0799.mp4","docs/approval/previews/gif/anim_0799.gif","pending","MOVE_DEPLETION_BEAM","Depletion Beam","3","Render this hg-engine DS script once and reuse the capture for every mapped community move."
"anim_0800","hg-engine-script","800","animations/hg-engine/gen8/800.s","animations/hg-engine/gen8/800.s","docs/approval/previews/mp4/anim_0800.mp4","docs/approval/previews/gif/anim_0800.gif","pending","INSTANTCRUSH","Instant Crush","2","Render this hg-engine DS script once and reuse the capture for every mapped community move."
"anim_0802","hg-engine-script","802","animations/hg-engine/gen8/802.s","animations/hg-engine/gen8/802.s","docs/approval/previews/mp4/anim_0802.mp4","docs/approval/previews/gif/anim_0802.gif","pending","MOVE_PRIMAL_BEAM","Primal Beam","8","Render this hg-engine DS script once and reuse the capture for every mapped community move."
"anim_0803","hg-engine-script","803","animations/hg-engine/gen8/803.s","animations/hg-engine/gen8/803.s","docs/approval/previews/mp4/anim_0803.mp4","docs/approval/previews/gif/anim_0803.gif","pending","DIAMONDBREATH","Diamond Breath","5","Render this hg-engine DS script once and reuse the capture for every mapped community move."
"anim_0804","hg-engine-script","804","animations/hg-engine/gen8/804.s","animations/hg-engine/gen8/804.s","docs/approval/previews/mp4/anim_0804.mp4","docs/approval/previews/gif/anim_0804.gif","pending","CORRODE","Corrode","4","Render this hg-engine DS script once and reuse the capture for every mapped community move."
"anim_0805","hg-engine-script","805","animations/hg-engine/gen8/805.s","animations/hg-engine/gen8/805.s","docs/approval/previews/mp4/anim_0805.mp4","docs/approval/previews/gif/anim_0805.gif","pending","FISSIONBURST","Fission Burst","1","Render this hg-engine DS script once and reuse the capture for every mapped community move."
"anim_0807","hg-engine-script","807","animations/hg-engine/gen8/807.s","animations/hg-engine/gen8/807.s","docs/approval/previews/mp4/anim_0807.mp4","docs/approval/previews/gif/anim_0807.gif","pending","PODERVOLTA","Poder Volta","1","Render this hg-engine DS script once and reuse the capture for every mapped community move."
"anim_0808","hg-engine-script","808","animations/hg-engine/gen8/808.s","animations/hg-engine/gen8/808.s","docs/approval/previews/mp4/anim_0808.mp4","docs/approval/previews/gif/anim_0808.gif","pending","MULTIPULSE","Multipulse","1","Render this hg-engine DS script once and reuse the capture for every mapped community move."
"anim_0810","hg-engine-script","810","animations/hg-engine/gen8/810.s","animations/hg-engine/gen8/810.s","docs/approval/previews/mp4/anim_0810.mp4","docs/approval/previews/gif/anim_0810.gif","pending","PODERIGNIS","Poder Ignis","1","Render this hg-engine DS script once and reuse the capture for every mapped community move."
"anim_0812","hg-engine-script","812","animations/hg-engine/gen8/812.s","animations/hg-engine/gen8/812.s","docs/approval/previews/mp4/anim_0812.mp4","docs/approval/previews/gif/anim_0812.gif","pending","ELBOWDROP","Elbow Drop","1","Render this hg-engine DS script once and reuse the capture for every mapped community move."
"anim_0814","hg-engine-script","814","animations/hg-engine/gen8/814.s","animations/hg-engine/gen8/814.s","docs/approval/previews/mp4/anim_0814.mp4","docs/approval/previews/gif/anim_0814.gif","pending","REBALANCING","Rebalancing","1","Render this hg-engine DS script once and reuse the capture for every mapped community move."
"anim_0816","hg-engine-script","816","animations/hg-engine/gen8/816.s","animations/hg-engine/gen8/816.s","docs/approval/previews/mp4/anim_0816.mp4","docs/approval/previews/gif/anim_0816.gif","pending","MOVE_WHIRLING_STRIKES","Whirling Strikes","3","Render this hg-engine DS script once and reuse the capture for every mapped community move."
"anim_0818","hg-engine-script","818","animations/hg-engine/gen8/818.s","animations/hg-engine/gen8/818.s","docs/approval/previews/mp4/anim_0818.mp4","docs/approval/previews/gif/anim_0818.gif","pending","MOVE_SCATTER_BLAST","Scatter Blast","5","Render this hg-engine DS script once and reuse the capture for every mapped community move."
"anim_0819","hg-engine-script","819","animations/hg-engine/gen8/819.s","animations/hg-engine/gen8/819.s","docs/approval/previews/mp4/anim_0819.mp4","docs/approval/previews/gif/anim_0819.gif","pending","REGENERATE","Regenerate","1","Render this hg-engine DS script once and reuse the capture for every mapped community move."
"anim_0820","hg-engine-script","820","animations/hg-engine/gen8/820.s","animations/hg-engine/gen8/820.s","docs/approval/previews/mp4/anim_0820.mp4","docs/approval/previews/gif/anim_0820.gif","pending","SUDDENSTRIKE","Sudden Strike","1","Render this hg-engine DS script once and reuse the capture for every mapped community move."
"anim_0821","hg-engine-script","821","animations/hg-engine/gen8/821.s","animations/hg-engine/gen8/821.s","docs/approval/previews/mp4/anim_0821.mp4","docs/approval/previews/gif/anim_0821.gif","pending","MOVE_TORRENT_FIST","Torrent Fist","2","Render this hg-engine DS script once and reuse the capture for every mapped community move."
"anim_0823","hg-engine-script","823","animations/hg-engine/gen8/823.s","animations/hg-engine/gen8/823.s","docs/approval/previews/mp4/anim_0823.mp4","docs/approval/previews/gif/anim_0823.gif","pending","MANADRAIN","Mana Drain","1","Render this hg-engine DS script once and reuse the capture for every mapped community move."
"anim_0824","hg-engine-script","824","animations/hg-engine/gen8/824.s","animations/hg-engine/gen8/824.s","docs/approval/previews/mp4/anim_0824.mp4","docs/approval/previews/gif/anim_0824.gif","pending","PYROKINESIS","Pyrokinesis","1","Render this hg-engine DS script once and reuse the capture for every mapped community move."
"anim_0825","hg-engine-script","825","animations/hg-engine/gen8/825.s","animations/hg-engine/gen8/825.s","docs/approval/previews/mp4/anim_0825.mp4","docs/approval/previews/gif/anim_0825.gif","pending","SWINDLE","Swindle","1","Render this hg-engine DS script once and reuse the capture for every mapped community move."
"anim_0826","hg-engine-script","826","animations/hg-engine/gen8/826.s","animations/hg-engine/gen8/826.s","docs/approval/previews/mp4/anim_0826.mp4","docs/approval/previews/gif/anim_0826.gif","pending","FORYOU","For You","1","Render this hg-engine DS script once and reuse the capture for every mapped community move."
"anim_0828","hg-engine-script","828","animations/hg-engine/gen8/828.s","animations/hg-engine/gen8/828.s","docs/approval/previews/mp4/anim_0828.mp4","docs/approval/previews/gif/anim_0828.gif","pending","OJOSTERRIBLES","Ojos Terribles","2","Render this hg-engine DS script once and reuse the capture for every mapped community move."
"anim_0830","hg-engine-script","830","animations/hg-engine/gen8/830.s","animations/hg-engine/gen8/830.s","docs/approval/previews/mp4/anim_0830.mp4","docs/approval/previews/gif/anim_0830.gif","pending","MOVE_FUMIGATION_BOMB","Fumigation Bomb","4","Render this hg-engine DS script once and reuse the capture for every mapped community move."
"anim_0833","hg-engine-script","833","animations/hg-engine/gen8/833.s","animations/hg-engine/gen8/833.s","docs/approval/previews/mp4/anim_0833.mp4","docs/approval/previews/gif/anim_0833.gif","pending","MOVE_JAGGED_FANGS","Jagged Fangs","3","Render this hg-engine DS script once and reuse the capture for every mapped community move."
"anim_0835","hg-engine-script","835","animations/hg-engine/gen8/835.s","animations/hg-engine/gen8/835.s","docs/approval/previews/mp4/anim_0835.mp4","docs/approval/previews/gif/anim_0835.gif","pending","KINETICREND","Kinetic Rend","2","Render this hg-engine DS script once and reuse the capture for every mapped community move."
"anim_0836","hg-engine-script","836","animations/hg-engine/gen8/836.s","animations/hg-engine/gen8/836.s","docs/approval/previews/mp4/anim_0836.mp4","docs/approval/previews/gif/anim_0836.gif","pending","IRALLAMEANTE","Ira Llameante","1","Render this hg-engine DS script once and reuse the capture for every mapped community move."
"anim_0837","hg-engine-script","837","animations/hg-engine/gen8/837.s","animations/hg-engine/gen8/837.s","docs/approval/previews/mp4/anim_0837.mp4","docs/approval/previews/gif/anim_0837.gif","pending","MOVE_TSUNAMI_HAMMER","Tsunami Hammer","2","Render this hg-engine DS script once and reuse the capture for every mapped community move."
"anim_0838","hg-engine-script","838","animations/hg-engine/gen8/838.s","animations/hg-engine/gen8/838.s","docs/approval/previews/mp4/anim_0838.mp4","docs/approval/previews/gif/anim_0838.gif","pending","PESTILENCEBURST","Pestilence Burst","2","Render this hg-engine DS script once and reuse the capture for every mapped community move."
"anim_0839","hg-engine-script","839","animations/hg-engine/gen8/839.s","animations/hg-engine/gen8/839.s","docs/approval/previews/mp4/anim_0839.mp4","docs/approval/previews/gif/anim_0839.gif","pending","FROSTKICK","Frost Kick","1","Render this hg-engine DS script once and reuse the capture for every mapped community move."
"anim_0841","hg-engine-script","841","animations/hg-engine/gen8/841.s","animations/hg-engine/gen8/841.s","docs/approval/previews/mp4/anim_0841.mp4","docs/approval/previews/gif/anim_0841.gif","pending","MOVE_SEISMIC_FIST","Seismic Fist","2","Render this hg-engine DS script once and reuse the capture for every mapped community move."
"anim_0842","hg-engine-script","842","animations/hg-engine/gen8/842.s","animations/hg-engine/gen8/842.s","docs/approval/previews/mp4/anim_0842.mp4","docs/approval/previews/gif/anim_0842.gif","pending","MOVE_TOXIC_NEEDLES","Toxic Needles","4","Render this hg-engine DS script once and reuse the capture for every mapped community move."
"anim_0843","hg-engine-script","843","animations/hg-engine/gen8/843.s","animations/hg-engine/gen8/843.s","docs/approval/previews/mp4/anim_0843.mp4","docs/approval/previews/gif/anim_0843.gif","pending","NUCLEARWIND","Nuclear Wind","1","Render this hg-engine DS script once and reuse the capture for every mapped community move."
"anim_0844","hg-engine-script","844","animations/hg-engine/gen8/844.s","animations/hg-engine/gen8/844.s","docs/approval/previews/mp4/anim_0844.mp4","docs/approval/previews/gif/anim_0844.gif","pending","SPECTRALSCREAM","Spectral Scream","2","Render this hg-engine DS script once and reuse the capture for every mapped community move."
"anim_0845","hg-engine-script","845","animations/hg-engine/gen8/845.s","animations/hg-engine/gen8/845.s","docs/approval/previews/mp4/anim_0845.mp4","docs/approval/previews/gif/anim_0845.gif","pending","NANOREPAIR","Nanorepair","1","Render this hg-engine DS script once and reuse the capture for every mapped community move."
"anim_0846","hg-engine-script","846","animations/hg-engine/gen8/846.s","animations/hg-engine/gen8/846.s","docs/approval/previews/mp4/anim_0846.mp4","docs/approval/previews/gif/anim_0846.gif","pending","MOVE_BLITZ_ARROW","Blitz Arrow","2","Render this hg-engine DS script once and reuse the capture for every mapped community move."
"anim_0847","hg-engine-script","847","animations/hg-engine/gen8/847.s","animations/hg-engine/gen8/847.s","docs/approval/previews/mp4/anim_0847.mp4","docs/approval/previews/gif/anim_0847.gif","pending","MALDIGNICION","Maldignición","1","Render this hg-engine DS script once and reuse the capture for every mapped community move."
"anim_0848","hg-engine-script","848","animations/hg-engine/gen8/848.s","animations/hg-engine/gen8/848.s","docs/approval/previews/mp4/anim_0848.mp4","docs/approval/previews/gif/anim_0848.gif","pending","OWTHEEDGE","Ow The Edge","1","Render this hg-engine DS script once and reuse the capture for every mapped community move."
"anim_0849","hg-engine-script","849","animations/hg-engine/gen8/849.s","animations/hg-engine/gen8/849.s","docs/approval/previews/mp4/anim_0849.mp4","docs/approval/previews/gif/anim_0849.gif","pending","VINDUNAR","Vindunar","3","Render this hg-engine DS script once and reuse the capture for every mapped community move."
"anim_0850","hg-engine-script","850","animations/hg-engine/gen8/850.s","animations/hg-engine/gen8/850.s","docs/approval/previews/mp4/anim_0850.mp4","docs/approval/previews/gif/anim_0850.gif","pending","MOVE_PLASMA_PULSE","Plasma Pulse","1","Render this hg-engine DS script once and reuse the capture for every mapped community move."
"anim_0851","hg-engine-script","851","animations/hg-engine/gen8/851.s","animations/hg-engine/gen8/851.s","docs/approval/previews/mp4/anim_0851.mp4","docs/approval/previews/gif/anim_0851.gif","pending","DESERTWHIRL","Desert Whirl","2","Render this hg-engine DS script once and reuse the capture for every mapped community move."
"anim_0854","hg-engine-script","854","animations/hg-engine/gen9/854.s","animations/hg-engine/gen9/854.s","docs/approval/previews/mp4/anim_0854.mp4","docs/approval/previews/gif/anim_0854.gif","pending","GENEBLASTER","Gene Blaster","6","Render this hg-engine DS script once and reuse the capture for every mapped community move."
"anim_0855","hg-engine-script","855","animations/hg-engine/gen9/855.s","animations/hg-engine/gen9/855.s","docs/approval/previews/mp4/anim_0855.mp4","docs/approval/previews/gif/anim_0855.gif","pending","MOVE_TANGLING_HUSK","Tangling Husk","1","Render this hg-engine DS script once and reuse the capture for every mapped community move."
"anim_0857","hg-engine-script","857","animations/hg-engine/gen9/857.s","animations/hg-engine/gen9/857.s","docs/approval/previews/mp4/anim_0857.mp4","docs/approval/previews/gif/anim_0857.gif","pending","SPOOKOUT","Spook Out","1","Render this hg-engine DS script once and reuse the capture for every mapped community move."
"anim_0858","hg-engine-script","858","animations/hg-engine/gen9/858.s","animations/hg-engine/gen9/858.s","docs/approval/previews/mp4/anim_0858.mp4","docs/approval/previews/gif/anim_0858.gif","pending","PSYCRUSH","Psycrush","1","Render this hg-engine DS script once and reuse the capture for every mapped community move."
"anim_0860","hg-engine-script","860","animations/hg-engine/gen9/860.s","animations/hg-engine/gen9/860.s","docs/approval/previews/mp4/anim_0860.mp4","docs/approval/previews/gif/anim_0860.gif","pending","ATOMICPUNCH","Atomic Punch","1","Render this hg-engine DS script once and reuse the capture for every mapped community move."
"anim_0862","hg-engine-script","862","animations/hg-engine/gen9/862.s","animations/hg-engine/gen9/862.s","docs/approval/previews/mp4/anim_0862.mp4","docs/approval/previews/gif/anim_0862.gif","pending","QUICKSILVERSPEAR","Quicksilver Spear","1","Render this hg-engine DS script once and reuse the capture for every mapped community move."
"anim_0863","hg-engine-script","863","animations/hg-engine/gen9/863.s","animations/hg-engine/gen9/863.s","docs/approval/previews/mp4/anim_0863.mp4","docs/approval/previews/gif/anim_0863.gif","pending","HEARTBEAT","Heart Beat","1","Render this hg-engine DS script once and reuse the capture for every mapped community move."
"anim_0864","hg-engine-script","864","animations/hg-engine/gen9/864.s","animations/hg-engine/gen9/864.s","docs/approval/previews/mp4/anim_0864.mp4","docs/approval/previews/gif/anim_0864.gif","pending","BLOBBYBOP","Blobby Bop","3","Render this hg-engine DS script once and reuse the capture for every mapped community move."
"anim_0868","hg-engine-script","868","animations/hg-engine/gen9/868.s","animations/hg-engine/gen9/868.s","docs/approval/previews/mp4/anim_0868.mp4","docs/approval/previews/gif/anim_0868.gif","pending","MORDISCOCARDUMEN","Mor. Cardúmen","1","Render this hg-engine DS script once and reuse the capture for every mapped community move."
"anim_0869","hg-engine-script","869","animations/hg-engine/gen9/869.s","animations/hg-engine/gen9/869.s","docs/approval/previews/mp4/anim_0869.mp4","docs/approval/previews/gif/anim_0869.gif","pending","CODEPOWER","Code:Power","2","Render this hg-engine DS script once and reuse the capture for every mapped community move."
"anim_0874","hg-engine-script","874","animations/hg-engine/gen9/874.s","animations/hg-engine/gen9/874.s","docs/approval/previews/mp4/anim_0874.mp4","docs/approval/previews/gif/anim_0874.gif","pending","FEVERPITCH","Fever Pitch","1","Render this hg-engine DS script once and reuse the capture for every mapped community move."
"anim_0875","hg-engine-script","875","animations/hg-engine/gen9/875.s","animations/hg-engine/gen9/875.s","docs/approval/previews/mp4/anim_0875.mp4","docs/approval/previews/gif/anim_0875.gif","pending","MOVE_AQUA_FANG","Aqua Fang","3","Render this hg-engine DS script once and reuse the capture for every mapped community move."
"anim_0876","hg-engine-script","876","animations/hg-engine/gen9/876.s","animations/hg-engine/gen9/876.s","docs/approval/previews/mp4/anim_0876.mp4","docs/approval/previews/gif/anim_0876.gif","pending","AUDIOBREAK","Audio Break","3","Render this hg-engine DS script once and reuse the capture for every mapped community move."
"anim_0877","hg-engine-script","877","animations/hg-engine/gen9/877.s","animations/hg-engine/gen9/877.s","docs/approval/previews/mp4/anim_0877.mp4","docs/approval/previews/gif/anim_0877.gif","pending","MERCURIANTRAP","Mercurian Trap","2","Render this hg-engine DS script once and reuse the capture for every mapped community move."
"anim_0879","hg-engine-script","879","animations/hg-engine/gen9/879.s","animations/hg-engine/gen9/879.s","docs/approval/previews/mp4/anim_0879.mp4","docs/approval/previews/gif/anim_0879.gif","pending","MOVE_SUPERHOT_FLAME","Boiling Flame","2","Render this hg-engine DS script once and reuse the capture for every mapped community move."
"anim_0880","hg-engine-script","880","animations/hg-engine/gen9/880.s","animations/hg-engine/gen9/880.s","docs/approval/previews/mp4/anim_0880.mp4","docs/approval/previews/gif/anim_0880.gif","pending","HALFLIFE","Half-life","2","Render this hg-engine DS script once and reuse the capture for every mapped community move."
"anim_0881","hg-engine-script","881","animations/hg-engine/gen9/881.s","animations/hg-engine/gen9/881.s","docs/approval/previews/mp4/anim_0881.mp4","docs/approval/previews/gif/anim_0881.gif","pending","ANATTACK","An Attack","1","Render this hg-engine DS script once and reuse the capture for every mapped community move."
"anim_0884","hg-engine-script","884","animations/hg-engine/gen9/884.s","animations/hg-engine/gen9/884.s","docs/approval/previews/mp4/anim_0884.mp4","docs/approval/previews/gif/anim_0884.gif","pending","BITINGCOLD","Biting Cold","1","Render this hg-engine DS script once and reuse the capture for every mapped community move."
"anim_0886","hg-engine-script","886","animations/hg-engine/gen9/886.s","animations/hg-engine/gen9/886.s","docs/approval/previews/mp4/anim_0886.mp4","docs/approval/previews/gif/anim_0886.gif","pending","ENFRIAR","Enfriar","1","Render this hg-engine DS script once and reuse the capture for every mapped community move."
"anim_0888","hg-engine-script","888","animations/hg-engine/gen9/888.s","animations/hg-engine/gen9/888.s","docs/approval/previews/mp4/anim_0888.mp4","docs/approval/previews/gif/anim_0888.gif","pending","SPEEDWEED","Speed Weed","1","Render this hg-engine DS script once and reuse the capture for every mapped community move."
"anim_0889","hg-engine-script","889","animations/hg-engine/gen9/889.s","animations/hg-engine/gen9/889.s","docs/approval/previews/mp4/anim_0889.mp4","docs/approval/previews/gif/anim_0889.gif","pending","HOARFROSTTIDE","Hoarfrost Tide","1","Render this hg-engine DS script once and reuse the capture for every mapped community move."
"anim_0890","hg-engine-script","890","animations/hg-engine/gen9/890.s","animations/hg-engine/gen9/890.s","docs/approval/previews/mp4/anim_0890.mp4","docs/approval/previews/gif/anim_0890.gif","pending","ROUNDABOUT","Roundabout","1","Render this hg-engine DS script once and reuse the capture for every mapped community move."
"anim_0891","hg-engine-script","891","animations/hg-engine/gen9/891.s","animations/hg-engine/gen9/891.s","docs/approval/previews/mp4/anim_0891.mp4","docs/approval/previews/gif/anim_0891.gif","pending","WORMHOLE","Wormhole","2","Render this hg-engine DS script once and reuse the capture for every mapped community move."
"anim_0893","hg-engine-script","893","animations/hg-engine/gen9/893.s","animations/hg-engine/gen9/893.s","docs/approval/previews/mp4/anim_0893.mp4","docs/approval/previews/gif/anim_0893.gif","pending","TETRAJECTILE","Tetrajectile","2","Render this hg-engine DS script once and reuse the capture for every mapped community move."
"anim_0896","hg-engine-script","896","animations/hg-engine/gen9/896.s","animations/hg-engine/gen9/896.s","docs/approval/previews/mp4/anim_0896.mp4","docs/approval/previews/gif/anim_0896.gif","pending","MOVE_WILD_SWING","Wild Swing","18","Render this hg-engine DS script once and reuse the capture for every mapped community move."
"anim_0899","hg-engine-script","899","animations/hg-engine/gen9/899.s","animations/hg-engine/gen9/899.s","docs/approval/previews/mp4/anim_0899.mp4","docs/approval/previews/gif/anim_0899.gif","pending","MOVE_FLAME_TONGUE","Flame Tongue","3","Render this hg-engine DS script once and reuse the capture for every mapped community move."
"anim_0901","hg-engine-script","901","animations/hg-engine/gen9/901.s","animations/hg-engine/gen9/901.s","docs/approval/previews/mp4/anim_0901.mp4","docs/approval/previews/gif/anim_0901.gif","pending","DECAYDRAIN","Decay Drain","1","Render this hg-engine DS script once and reuse the capture for every mapped community move."
"anim_0903","hg-engine-script","903","animations/hg-engine/gen9/903.s","animations/hg-engine/gen9/903.s","docs/approval/previews/mp4/anim_0903.mp4","docs/approval/previews/gif/anim_0903.gif","pending","SPARKLEON","Sparkle On","2","Render this hg-engine DS script once and reuse the capture for every mapped community move."
"anim_0905","hg-engine-script","905","animations/hg-engine/gen9/905.s","animations/hg-engine/gen9/905.s","docs/approval/previews/mp4/anim_0905.mp4","docs/approval/previews/gif/anim_0905.gif","pending","UPROOT","Uproot","2","Render this hg-engine DS script once and reuse the capture for every mapped community move."
"anim_0908","hg-engine-script","908","animations/hg-engine/gen9/908.s","animations/hg-engine/gen9/908.s","docs/approval/previews/mp4/anim_0908.mp4","docs/approval/previews/gif/anim_0908.gif","pending","OVERENERGIZE","Overenergize","1","Render this hg-engine DS script once and reuse the capture for every mapped community move."
"anim_0909","hg-engine-script","909","animations/hg-engine/gen9/909.s","animations/hg-engine/gen9/909.s","docs/approval/previews/mp4/anim_0909.mp4","docs/approval/previews/gif/anim_0909.gif","pending","PROBOPOG","Probopass PogChampion","1","Render this hg-engine DS script once and reuse the capture for every mapped community move."
"anim_0911","hg-engine-script","911","animations/hg-engine/gen9/911.s","animations/hg-engine/gen9/911.s","docs/approval/previews/mp4/anim_0911.mp4","docs/approval/previews/gif/anim_0911.gif","pending","PRIMALSUN","Primal Sun","6","Render this hg-engine DS script once and reuse the capture for every mapped community move."
"anim_0913","hg-engine-script","913","animations/hg-engine/gen9/913.s","animations/hg-engine/gen9/913.s","docs/approval/previews/mp4/anim_0913.mp4","docs/approval/previews/gif/anim_0913.gif","pending","CHAOSDUNK","Chaos Dunk","1","Render this hg-engine DS script once and reuse the capture for every mapped community move."
"anim_0916","hg-engine-script","916","animations/hg-engine/gen9/916.s","animations/hg-engine/gen9/916.s","docs/approval/previews/mp4/anim_0916.mp4","docs/approval/previews/gif/anim_0916.gif","pending","DRAGONIFY","Dragonify","2","Render this hg-engine DS script once and reuse the capture for every mapped community move."
"anim_0920","hg-engine-script","920","animations/hg-engine/gen9/920.s","animations/hg-engine/gen9/920.s","docs/approval/previews/mp4/anim_0920.mp4","docs/approval/previews/gif/anim_0920.gif","pending","BUNRAKUBEATDOWN","Bunraku Beatdown","3","Render this hg-engine DS script once and reuse the capture for every mapped community move."
