"source_project","source_repo","source_commit","move_id","move_name","type","category","power","accuracy","pp","primary_effect","secondary_effect","tags","source_data_path","animation_status","animation_reference","source_license_status","ds_portability","notes"
"Pokemon Elite Redux","Elite-Redux/er-config","e32616fea6ccf5245096d8d7eeb54f0f5ac0b2a7","MOVE_SMITE","Smite","Electric","Physical","120","80","15","Smack Down / grounds target","20% paralysis","physical-electric;contact;anti-flying;high-power","MoveList.textproto","custom animation evidence found","Elite-Redux/eliteredux-source@ef051069ed3509438d1c5de36eba9dee529bb0d2: src/battle_anim_new.c::sAnimCmdSmiteBeam","no repository license detected","mechanics portable; animation requires GBA->DS conversion","Source also flags contact, Mirror Move compatibility, and hits-air behavior."
"Pokemon Elite Redux","Elite-Redux/er-config","e32616fea6ccf5245096d8d7eeb54f0f5ac0b2a7","MOVE_SHOCKING_JAB","Shocking Jab","Electric","Physical","80","100","10","damage","20% paralysis","physical-electric;horn;mid-power","MoveList.textproto","custom projectile evidence found","Elite-Redux/eliteredux-source@ef051069ed3509438d1c5de36eba9dee529bb0d2: src/battle_anim_effects_1.c::gShockingJabProjectileSpriteTemplate","no repository license detected","mechanics portable; projectile requires DS recreation/conversion","Source marks Mighty Horn/horn synergy. Contact flag is not present in the current move record."
"Pokemon Elite Redux","Elite-Redux/er-config","e32616fea6ccf5245096d8d7eeb54f0f5ac0b2a7","MOVE_SHOCKING_EDGE","Shocking Edge","Electric","Physical","80","100","10","damage","10% paralysis","physical-electric;keen-edge;mid-power","MoveList.textproto","no dedicated animation linkage source-certified in first sweep","","no repository license detected","mechanics easy to port; animation can reuse or adapt DS slash/electric assets","Source marks Keen Edge synergy. Contact flag is not present in the current move record."
"Pokemon Elite Redux","Elite-Redux/er-config","e32616fea6ccf5245096d8d7eeb54f0f5ac0b2a7","MOVE_LIGHTNING_STRIKE","Lightning Strike","Electric","Physical","70","100","20","damage","20% chance to raise user Speed","physical-electric;speed-boost;arrow;mega-launcher","MoveList.textproto","no dedicated animation linkage source-certified in first sweep","","no repository license detected","mechanics portable; animation needs DS treatment","Source marks both arrow and Mega Launcher-style synergy."
"Pokemon Elite Redux","Elite-Redux/er-config","e32616fea6ccf5245096d8d7eeb54f0f5ac0b2a7","MOVE_VOLT_BOLT","Volt Bolt","Electric","Physical","70","100","20","double damage if target is paralyzed","none","physical-electric;status-payoff;arrow","MoveList.textproto","explicitly reuses an existing animation","MOVE_VOLT_TACKLE","no repository license detected","high portability; can reuse/adapt existing DS electric physical animation","Strong candidate for broad physical-Electric distribution because it rewards paralysis without requiring recoil."
"Pokemon Elite Redux","Elite-Redux/er-config","e32616fea6ccf5245096d8d7eeb54f0f5ac0b2a7","MOVE_DEATHROLL","Deathroll","WATER","Physical","100","100","5","EFFECT_CONFUSE_HIT","effect chance 20%","contact;ignores-stat-stages;mirror-move-affected;strong-jaw;effect-chance-20","MoveList.textproto","explicitly reuses an existing animation","MOVE_CRUNCH","no repository license detected","mechanics require DS port; animation can reuse/adapt referenced DS move","Target: SELECTED."
"Pokemon Elite Redux","Elite-Redux/er-config","e32616fea6ccf5245096d8d7eeb54f0f5ac0b2a7","MOVE_EXCALIBUR","Excalibur","STEEL","Physical","120","80","5","custom_behavior","effect chance 20%","contact;keen-edge;effect-chance-20","MoveList.textproto","animation linkage pending source-wide animation audit","","no repository license detected","mechanics require DS port; animation evidence pending","Source record contains a custom_behavior block; detailed mechanics audit pending. Target: SELECTED."
"Pokemon Elite Redux","Elite-Redux/er-config","e32616fea6ccf5245096d8d7eeb54f0f5ac0b2a7","MOVE_AQUA_FANG","Aqua Fang","WATER","Physical","85","100","15","EFFECT_FLINCH_HIT","effect chance 20%","contact;strong-jaw;effect-chance-20","MoveList.textproto","animation linkage pending source-wide animation audit","","no repository license detected","mechanics require DS port; animation evidence pending","Target: SELECTED."
"Pokemon Elite Redux","Elite-Redux/er-config","e32616fea6ccf5245096d8d7eeb54f0f5ac0b2a7","MOVE_OUTBURST","Outburst","NORMAL","Special","250","100","5","EFFECT_EXPLOSION","","mirror-move-affected","MoveList.textproto","explicitly reuses an existing animation","MOVE_EXPLOSION","no repository license detected","mechanics require DS port; animation can reuse/adapt referenced DS move","Target: FOES_AND_ALLY."
"Pokemon Elite Redux","Elite-Redux/er-config","e32616fea6ccf5245096d8d7eeb54f0f5ac0b2a7","MOVE_SEISMIC_FIST","Seismic Fist","GROUND","Physical","85","100","15","EFFECT_DEFENSE_DOWN_HIT","effect chance 20%","contact;mirror-move-affected;iron-fist;effect-chance-20","MoveList.textproto","animation linkage pending source-wide animation audit","","no repository license detected","mechanics require DS port; animation evidence pending","Target: SELECTED."
"Pokemon Elite Redux","Elite-Redux/er-config","e32616fea6ccf5245096d8d7eeb54f0f5ac0b2a7","MOVE_IRON_FANGS","Iron Fangs","STEEL","Physical","85","100","15","EFFECT_BRICK_BREAK","","contact;mirror-move-affected;strong-jaw","MoveList.textproto","animation linkage pending source-wide animation audit","","no repository license detected","mechanics require DS port; animation evidence pending","Target: SELECTED."
"Pokemon Elite Redux","Elite-Redux/er-config","e32616fea6ccf5245096d8d7eeb54f0f5ac0b2a7","MOVE_SHADOW_FANGS","Shadow Fangs","GHOST","Physical","80","100","15","EFFECT_CURSE_HIT","effect chance 10%","contact;mirror-move-affected;strong-jaw;effect-chance-10","MoveList.textproto","animation linkage pending source-wide animation audit","","no repository license detected","mechanics require DS port; animation evidence pending","Target: SELECTED."
"Pokemon Elite Redux","Elite-Redux/er-config","e32616fea6ccf5245096d8d7eeb54f0f5ac0b2a7","MOVE_LOVELY_BITE","Lovely Bite","FAIRY","Physical","85","100","15","EFFECT_ATTRACT_HIT","effect chance 10%","contact;mirror-move-affected;strong-jaw;effect-chance-10","MoveList.textproto","animation linkage pending source-wide animation audit","","no repository license detected","mechanics require DS port; animation evidence pending","Target: SELECTED."
"Pokemon Elite Redux","Elite-Redux/er-config","e32616fea6ccf5245096d8d7eeb54f0f5ac0b2a7","MOVE_JAGGED_FANGS","Jagged Fangs","ROCK","Physical","80","100","15","EFFECT_ATTACK_UP_HIT","effect chance 10%","contact;mirror-move-affected;strong-jaw;effect-chance-10","MoveList.textproto","animation linkage pending source-wide animation audit","","no repository license detected","mechanics require DS port; animation evidence pending","Target: SELECTED."
"Pokemon Elite Redux","Elite-Redux/er-config","e32616fea6ccf5245096d8d7eeb54f0f5ac0b2a7","MOVE_SCORCHED_EARTH","Scorched Earth","FIRE","Special","70","100","10","EFFECT_BURN_HIT","effect chance 10%; secondary type logic GROUND","mirror-move-affected;dual-type-effect;effect-chance-10","MoveList.textproto","animation linkage pending source-wide animation audit","","no repository license detected","mechanics require DS port; animation evidence pending","Target: SELECTED."
"Pokemon Elite Redux","Elite-Redux/er-config","e32616fea6ccf5245096d8d7eeb54f0f5ac0b2a7","MOVE_PLASMA_PULSE","Plasma Pulse","ELECTRIC","Special","65","100","10","EFFECT_HEX","effect chance 10%","mirror-move-affected;mega-launcher;effect-chance-10","MoveList.textproto","animation linkage pending source-wide animation audit","","no repository license detected","mechanics require DS port; animation evidence pending","Target: SELECTED."
"Pokemon Elite Redux","Elite-Redux/er-config","e32616fea6ccf5245096d8d7eeb54f0f5ac0b2a7","MOVE_PRIMAL_BEAM","Primal Beam","DRAGON","Physical","90","100","10","EFFECT_ATTACK_UP_HIT","effect chance 20%","mirror-move-affected;mega-launcher;effect-chance-20","MoveList.textproto","animation linkage pending source-wide animation audit","","no repository license detected","mechanics require DS port; animation evidence pending","Target: SELECTED."
"Pokemon Elite Redux","Elite-Redux/er-config","e32616fea6ccf5245096d8d7eeb54f0f5ac0b2a7","MOVE_DRACONIC_FANGS","Draconic Fangs","DRAGON","Physical","85","100","15","EFFECT_FLINCH_HIT","effect chance 20%","contact;mirror-move-affected;strong-jaw;effect-chance-20","MoveList.textproto","explicitly reuses an existing animation","MOVE_BITE","no repository license detected","mechanics require DS port; animation can reuse/adapt referenced DS move","Target: SELECTED."
"Pokemon Elite Redux","Elite-Redux/er-config","e32616fea6ccf5245096d8d7eeb54f0f5ac0b2a7","MOVE_PIXIE_BEAM","Pixie Beam","FAIRY","Special","110","85","5","EFFECT_SPECIAL_ATTACK_DOWN_HIT","effect chance 20%","mirror-move-affected;mega-launcher;effect-chance-20","MoveList.textproto","animation linkage pending source-wide animation audit","","no repository license detected","mechanics require DS port; animation evidence pending","Target: SELECTED."
"Pokemon Elite Redux","Elite-Redux/er-config","e32616fea6ccf5245096d8d7eeb54f0f5ac0b2a7","MOVE_PIXIE_SLASH","Pixie Slash","FAIRY","Physical","90","100","20","damage/status logic in source record","","contact;mirror-move-affected;keen-edge","MoveList.textproto","animation linkage pending source-wide animation audit","","no repository license detected","mechanics require DS port; animation evidence pending","Target: SELECTED."
"Pokemon Elite Redux","Elite-Redux/er-config","e32616fea6ccf5245096d8d7eeb54f0f5ac0b2a7","MOVE_SEISMIC_BLADE","Seismic Blade","GROUND","Physical","90","100","20","damage/status logic in source record","","contact;mirror-move-affected;keen-edge","MoveList.textproto","animation linkage pending source-wide animation audit","","no repository license detected","mechanics require DS port; animation evidence pending","Target: SELECTED."
"Pokemon Elite Redux","Elite-Redux/er-config","e32616fea6ccf5245096d8d7eeb54f0f5ac0b2a7","MOVE_MOUNTAIN_CHUNK","Mountain Chunk","GROUND","Physical","110","90","10","EFFECT_FLINCH_HIT","effect chance 30%","mirror-move-affected;mega-launcher;effect-chance-30","MoveList.textproto","animation linkage pending source-wide animation audit","","no repository license detected","mechanics require DS port; animation evidence pending","Target: SELECTED."
"Pokemon Elite Redux","Elite-Redux/er-config","e32616fea6ccf5245096d8d7eeb54f0f5ac0b2a7","MOVE_ARCHER_SHOT","Archer Shot","NORMAL","Physical","95","100","20","damage/status logic in source record","","mirror-move-affected;arrow","MoveList.textproto","animation linkage pending source-wide animation audit","","no repository license detected","mechanics require DS port; animation evidence pending","Target: SELECTED."
"Pokemon Elite Redux","Elite-Redux/er-config","e32616fea6ccf5245096d8d7eeb54f0f5ac0b2a7","MOVE_FROST_BRAND","Frost Brand","ICE","Physical","80","100","20","EFFECT_FROSTBITE_HIT","effect chance 10%","contact;mirror-move-affected;keen-edge;effect-chance-10","MoveList.textproto","animation linkage pending source-wide animation audit","","no repository license detected","mechanics require DS port; animation evidence pending","Target: SELECTED."
"Pokemon Elite Redux","Elite-Redux/er-config","e32616fea6ccf5245096d8d7eeb54f0f5ac0b2a7","MOVE_FROST_BOLT","Frost Bolt","ICE","Physical","80","100","20","EFFECT_FROSTBITE_HIT","effect chance 20%","mirror-move-affected;arrow;effect-chance-20","MoveList.textproto","animation linkage pending source-wide animation audit","","no repository license detected","mechanics require DS port; animation evidence pending","Target: SELECTED."
"Pokemon Elite Redux","Elite-Redux/er-config","e32616fea6ccf5245096d8d7eeb54f0f5ac0b2a7","MOVE_GLACIER_CRASH","Glacier Crash","ICE","Physical","95","100","20","damage/status logic in source record","","mirror-move-affected;mega-launcher","MoveList.textproto","explicitly reuses an existing animation","MOVE_ICICLE_CRASH","no repository license detected","mechanics require DS port; animation can reuse/adapt referenced DS move","Target: FOES_AND_ALLY."
"Pokemon Elite Redux","Elite-Redux/er-config","e32616fea6ccf5245096d8d7eeb54f0f5ac0b2a7","MOVE_SUPERSONIC_SHOT","Supersonic Shot","FLYING","Physical","60","100","10","damage/status logic in source record","","mirror-move-affected;arrow","MoveList.textproto","explicitly reuses an existing animation","MOVE_SUPERSONIC","no repository license detected","mechanics require DS port; animation can reuse/adapt referenced DS move","Target: SELECTED."
"Pokemon Elite Redux","Elite-Redux/er-config","e32616fea6ccf5245096d8d7eeb54f0f5ac0b2a7","MOVE_ZEPHYR_RUSH","Zephyr Rush","FLYING","Physical","100","95","10","EFFECT_RECOIL_IF_MISS","","contact;mirror-move-affected;reckless;mega-launcher;air","MoveList.textproto","explicitly reuses an existing animation","MOVE_JUMP_KICK","no repository license detected","mechanics require DS port; animation can reuse/adapt referenced DS move","Target: SELECTED."
"Pokemon Elite Redux","Elite-Redux/er-config","e32616fea6ccf5245096d8d7eeb54f0f5ac0b2a7","MOVE_KINETIC_BARRAGE","Kinetic Barrage","PSYCHIC","Physical","90","100","20","EFFECT_CONFUSE_HIT","effect chance 30%","mirror-move-affected;mega-launcher;effect-chance-30","MoveList.textproto","explicitly reuses an existing animation","MOVE_STRENGTH","no repository license detected","mechanics require DS port; animation can reuse/adapt referenced DS move","Target: SELECTED."
"Pokemon Elite Redux","Elite-Redux/er-config","e32616fea6ccf5245096d8d7eeb54f0f5ac0b2a7","MOVE_FERTILE_FANGS","Fertile Fangs","GRASS","Physical","80","100","20","EFFECT_LEECH_SEED_HIT","effect chance 10%","contact;mirror-move-affected;strong-jaw;effect-chance-10","MoveList.textproto","explicitly reuses an existing animation","MOVE_LEECH_LIFE","no repository license detected","mechanics require DS port; animation can reuse/adapt referenced DS move","Target: SELECTED."
"Pokemon Elite Redux","Elite-Redux/er-config","e32616fea6ccf5245096d8d7eeb54f0f5ac0b2a7","MOVE_SCATTER_BLAST","Scatter Blast","GROUND","Special","65","100","5","EFFECT_STEALTH_ROCK_HIT","effect chance 100%","mirror-move-affected;mega-launcher;effect-chance-100","MoveList.textproto","animation linkage pending source-wide animation audit","","no repository license detected","mechanics require DS port; animation evidence pending","Target: SELECTED."
"Pokemon Elite Redux","Elite-Redux/er-config","e32616fea6ccf5245096d8d7eeb54f0f5ac0b2a7","MOVE_JAGGED_PUNCH","Jagged Punch","ROCK","Physical","80","100","10","EFFECT_STEALTH_ROCK_HIT","effect chance 10%","contact;mirror-move-affected;iron-fist;effect-chance-10","MoveList.textproto","explicitly reuses an existing animation","MOVE_MACH_PUNCH","no repository license detected","mechanics require DS port; animation can reuse/adapt referenced DS move","Target: SELECTED."
"Pokemon Elite Redux","Elite-Redux/er-config","e32616fea6ccf5245096d8d7eeb54f0f5ac0b2a7","MOVE_CUTSIE_SLAP","Cutsie Slap","FAIRY","Physical","85","100","10","EFFECT_ATTRACT_HIT","effect chance 10%","contact;mirror-move-affected;iron-fist;effect-chance-10","MoveList.textproto","animation linkage pending source-wide animation audit","","no repository license detected","mechanics require DS port; animation evidence pending","Target: SELECTED."
"Pokemon Elite Redux","Elite-Redux/er-config","e32616fea6ccf5245096d8d7eeb54f0f5ac0b2a7","MOVE_FAIRY_SPHERES","Fairy Spheres","FAIRY","Physical","20","100","10","EFFECT_MULTI_HIT","","contact;mirror-move-affected;mega-launcher","MoveList.textproto","explicitly reuses an existing animation","MOVE_DOUBLE_SLAP","no repository license detected","mechanics require DS port; animation can reuse/adapt referenced DS move","Target: SELECTED."
"Pokemon Elite Redux","Elite-Redux/er-config","e32616fea6ccf5245096d8d7eeb54f0f5ac0b2a7","MOVE_BRAMBLE_BLAST","Bramble Blast","GRASS","Physical","85","100","10","EFFECT_LEECH_SEED_HIT","effect chance 30%","contact;mirror-move-affected;arrow;effect-chance-30","MoveList.textproto","explicitly reuses an existing animation","MOVE_POISON_STING","no repository license detected","mechanics require DS port; animation can reuse/adapt referenced DS move","Target: SELECTED."
"Pokemon Elite Redux","Elite-Redux/er-config","e32616fea6ccf5245096d8d7eeb54f0f5ac0b2a7","MOVE_ASTEROID_DOWNFALL","Asteroid Shot","ROCK","Physical","90","","20","damage/status logic in source record","","mirror-move-affected;mega-launcher","MoveList.textproto","explicitly reuses an existing animation","MOVE_SMACK_DOWN","no repository license detected","mechanics require DS port; animation can reuse/adapt referenced DS move","Target: SELECTED."
"Pokemon Elite Redux","Elite-Redux/er-config","e32616fea6ccf5245096d8d7eeb54f0f5ac0b2a7","MOVE_AQUA_BASH","Aqua Bash","WATER","Physical","80","100","15","EFFECT_FLINCH_HIT","effect chance 20%","contact;mirror-move-affected;horn;effect-chance-20","MoveList.textproto","explicitly reuses an existing animation","MOVE_AQUA_TAIL","no repository license detected","mechanics require DS port; animation can reuse/adapt referenced DS move","Target: SELECTED."
"Pokemon Elite Redux","Elite-Redux/er-config","e32616fea6ccf5245096d8d7eeb54f0f5ac0b2a7","MOVE_TECTONIC_FANGS","Tectonic Fangs","GROUND","Physical","85","100","15","EFFECT_FLINCH_HIT","effect chance 10%","contact;mirror-move-affected;strong-jaw;effect-chance-10","MoveList.textproto","animation linkage pending source-wide animation audit","","no repository license detected","mechanics require DS port; animation evidence pending","Target: SELECTED."
"Pokemon Elite Redux","Elite-Redux/er-config","e32616fea6ccf5245096d8d7eeb54f0f5ac0b2a7","MOVE_CUPID_SHOT","Cupid Shot","FAIRY","Physical","75","100","10","EFFECT_ATTRACT_HIT","effect chance 20%","mirror-move-affected;arrow;effect-chance-20","MoveList.textproto","animation linkage pending source-wide animation audit","","no repository license detected","mechanics require DS port; animation evidence pending","Target: SELECTED."
"Pokemon Elite Redux","Elite-Redux/er-config","e32616fea6ccf5245096d8d7eeb54f0f5ac0b2a7","MOVE_CLAY_DART","Clay Dart","GROUND","Physical","80","100","10","custom_behavior","","mirror-move-affected;arrow","MoveList.textproto","explicitly reuses an existing animation","MOVE_THOUSAND_ARROWS","no repository license detected","mechanics require DS port; animation can reuse/adapt referenced DS move","Source record contains a custom_behavior block; detailed mechanics audit pending. Target: SELECTED."
"Pokemon Elite Redux","Elite-Redux/er-config","e32616fea6ccf5245096d8d7eeb54f0f5ac0b2a7","MOVE_DIAMOND_ARROW","Diamond Arrow","ROCK","Physical","85","100","10","damage/status logic in source record","","ignores-stat-stages;mirror-move-affected;arrow","MoveList.textproto","explicitly reuses an existing animation","MOVE_THOUSAND_ARROWS","no repository license detected","mechanics require DS port; animation can reuse/adapt referenced DS move","Target: SELECTED."
"Pokemon Elite Redux","Elite-Redux/er-config","e32616fea6ccf5245096d8d7eeb54f0f5ac0b2a7","MOVE_DIAMOND_BLADE","Diamond Blade","ROCK","Physical","80","100","10","EFFECT_BLEED_HIT","effect chance 10%","contact;mirror-move-affected;keen-edge;effect-chance-10","MoveList.textproto","explicitly reuses an existing animation","MOVE_CUT","no repository license detected","mechanics require DS port; animation can reuse/adapt referenced DS move","Target: SELECTED."
"Pokemon Elite Redux","Elite-Redux/er-config","e32616fea6ccf5245096d8d7eeb54f0f5ac0b2a7","MOVE_VENOM_BOLT","Venom Bolt","POISON","Physical","75","100","10","EFFECT_POISON_HIT","effect chance 20%","mirror-move-affected;arrow;effect-chance-20","MoveList.textproto","explicitly reuses an existing animation","MOVE_POISON_STING","no repository license detected","mechanics require DS port; animation can reuse/adapt referenced DS move","Target: SELECTED."
"Pokemon Elite Redux","Elite-Redux/er-config","e32616fea6ccf5245096d8d7eeb54f0f5ac0b2a7","MOVE_FUMIGATION_BOMB","Fumigation Bomb","POISON","Physical","75","100","10","custom_behavior","","mirror-move-affected;mega-launcher","MoveList.textproto","animation linkage pending source-wide animation audit","","no repository license detected","mechanics require DS port; animation evidence pending","Source record contains a custom_behavior block; detailed mechanics audit pending. Target: SELECTED."
"Pokemon Elite Redux","Elite-Redux/er-config","e32616fea6ccf5245096d8d7eeb54f0f5ac0b2a7","MOVE_BLACK_MAGIC","Black Magic","DARK","Physical","90","100","10","EFFECT_BLEED_HIT","effect chance 20%","mirror-move-affected;mega-launcher;effect-chance-20","MoveList.textproto","explicitly reuses an existing animation","MOVE_DARK_PULSE","no repository license detected","mechanics require DS port; animation can reuse/adapt referenced DS move","Target: SELECTED."
"Pokemon Elite Redux","Elite-Redux/er-config","e32616fea6ccf5245096d8d7eeb54f0f5ac0b2a7","MOVE_FLAME_TONGUE","Flame Tongue","FIRE","Physical","80","100","10","EFFECT_BURN_HIT","effect chance 10%","contact;mirror-move-affected;keen-edge;effect-chance-10","MoveList.textproto","animation linkage pending source-wide animation audit","","no repository license detected","mechanics require DS port; animation evidence pending","Target: SELECTED."
"Pokemon Elite Redux","Elite-Redux/er-config","e32616fea6ccf5245096d8d7eeb54f0f5ac0b2a7","MOVE_BLAZING_ARROW","Blazing Arrow","FIRE","Physical","80","100","10","EFFECT_BURN_HIT","effect chance 20%","mirror-move-affected;arrow;effect-chance-20","MoveList.textproto","explicitly reuses an existing animation","MOVE_FIRE_LASH","no repository license detected","mechanics require DS port; animation can reuse/adapt referenced DS move","Target: SELECTED."
"Pokemon Elite Redux","Elite-Redux/er-config","e32616fea6ccf5245096d8d7eeb54f0f5ac0b2a7","MOVE_ROCKET_PUNCH","Rocket Shot","STEEL","Physical","100","100","10","damage/status logic in source record","","mirror-move-affected;mega-launcher","MoveList.textproto","explicitly reuses an existing animation","MOVE_COMET_PUNCH","no repository license detected","mechanics require DS port; animation can reuse/adapt referenced DS move","Target: SELECTED."
"Pokemon Elite Redux","Elite-Redux/er-config","e32616fea6ccf5245096d8d7eeb54f0f5ac0b2a7","MOVE_WEB_SHOT","Web Shot","BUG","Physical","75","100","10","EFFECT_STICKY_WEB_HIT","effect chance 100%","mirror-move-affected;arrow;effect-chance-100","MoveList.textproto","explicitly reuses an existing animation","MOVE_STICKY_WEB","no repository license detected","mechanics require DS port; animation can reuse/adapt referenced DS move","Target: SELECTED."
"Pokemon Elite Redux","Elite-Redux/er-config","e32616fea6ccf5245096d8d7eeb54f0f5ac0b2a7","MOVE_AURA_FORCE","Aura Force","FIGHTING","Physical","70","100","10","custom_behavior","","mirror-move-affected;mega-launcher","MoveList.textproto","explicitly reuses an existing animation","MOVE_AURA_SPHERE","no repository license detected","mechanics require DS port; animation can reuse/adapt referenced DS move","Source record contains a custom_behavior block; detailed mechanics audit pending. Target: SELECTED."
"Pokemon Elite Redux","Elite-Redux/er-config","e32616fea6ccf5245096d8d7eeb54f0f5ac0b2a7","MOVE_DRAKE_MISSILE","Draco Missile","DRAGON","Physical","100","90","10","damage/status logic in source record","","mirror-move-affected;arrow","MoveList.textproto","explicitly reuses an existing animation","MOVE_AURA_SPHERE","no repository license detected","mechanics require DS port; animation can reuse/adapt referenced DS move","Target: SELECTED."
"Pokemon Elite Redux","Elite-Redux/er-config","e32616fea6ccf5245096d8d7eeb54f0f5ac0b2a7","MOVE_LOTUS_SHOWER","Lotus Shower","GRASS","Physical","85","100","10","EFFECT_SLEEP_HIT","effect chance 10%","mirror-move-affected;mega-launcher;effect-chance-10","MoveList.textproto","animation linkage pending source-wide animation audit","","no repository license detected","mechanics require DS port; animation evidence pending","Target: BOTH."
"Pokemon Elite Redux","Elite-Redux/er-config","e32616fea6ccf5245096d8d7eeb54f0f5ac0b2a7","MOVE_JAGGED_HORNS","Jagged Horns","ROCK","Physical","85","100","10","EFFECT_FLINCH_STATUS","effect chance 10%","contact;mirror-move-affected;horn;effect-chance-10","MoveList.textproto","explicitly reuses an existing animation","MOVE_HORN_ATTACK","no repository license detected","mechanics require DS port; animation can reuse/adapt referenced DS move","Target: SELECTED."
"Pokemon Elite Redux","Elite-Redux/er-config","e32616fea6ccf5245096d8d7eeb54f0f5ac0b2a7","MOVE_BLOOD_SHOT","Blood Shot","DARK","Status","","100","10","EFFECT_BLEED","","contact;mirror-move-affected","MoveList.textproto","animation linkage pending source-wide animation audit","","no repository license detected","mechanics require DS port; animation evidence pending","Target: SELECTED."
"Pokemon Elite Redux","Elite-Redux/er-config","e32616fea6ccf5245096d8d7eeb54f0f5ac0b2a7","MOVE_FLASH_FREEZE","Flash Freeze","ICE","Status","","90","10","EFFECT_FROSTBITE","","contact;mirror-move-affected","MoveList.textproto","explicitly reuses an existing animation","MOVE_FREEZE_DRY","no repository license detected","mechanics require DS port; animation can reuse/adapt referenced DS move","Target: SELECTED."
"Pokemon Elite Redux","Elite-Redux/er-config","e32616fea6ccf5245096d8d7eeb54f0f5ac0b2a7","MOVE_PHANTOM_GLOVES","Phantom Glove","GHOST","Physical","85","100","10","EFFECT_SPEED_DOWN_HIT","effect chance 30%","contact;mirror-move-affected;mega-launcher;effect-chance-30","MoveList.textproto","explicitly reuses an existing animation","MOVE_SHADOW_CLAW","no repository license detected","mechanics require DS port; animation can reuse/adapt referenced DS move","Target: SELECTED."
"Pokemon Elite Redux","Elite-Redux/er-config","e32616fea6ccf5245096d8d7eeb54f0f5ac0b2a7","MOVE_HOMING_FLETCH","Homing Fletch","STEEL","Physical","80","","10","damage/status logic in source record","","mirror-move-affected;arrow","MoveList.textproto","explicitly reuses an existing animation","MOVE_THOUSAND_ARROWS","no repository license detected","mechanics require DS port; animation can reuse/adapt referenced DS move","Target: SELECTED."
"Pokemon Elite Redux","Elite-Redux/er-config","e32616fea6ccf5245096d8d7eeb54f0f5ac0b2a7","MOVE_DEVIOUS_SHOT","Devious Shot","DARK","Physical","80","","15","EFFECT_BLEED_HIT","effect chance 50%","mirror-move-affected;arrow;effect-chance-50","MoveList.textproto","explicitly reuses an existing animation","MOVE_THOUSAND_ARROWS","no repository license detected","mechanics require DS port; animation can reuse/adapt referenced DS move","Target: SELECTED."
"Pokemon Elite Redux","Elite-Redux/er-config","e32616fea6ccf5245096d8d7eeb54f0f5ac0b2a7","MOVE_STARBURST","Starburst","NORMAL","Physical","110","90","10","EFFECT_FLINCH_HIT","effect chance 30%","mirror-move-affected;mega-launcher;effect-chance-30","MoveList.textproto","animation linkage pending source-wide animation audit","","no repository license detected","mechanics require DS port; animation evidence pending","Target: SELECTED."
"Pokemon Elite Redux","Elite-Redux/er-config","e32616fea6ccf5245096d8d7eeb54f0f5ac0b2a7","MOVE_CHEAP_SHOT","Cheap Shot","DARK","Physical","120","100","20","EFFECT_SEMI_INVULNERABLE","","mirror-move-affected;mega-launcher","MoveList.textproto","explicitly reuses an existing animation","MOVE_SHADOW_FORCE","no repository license detected","mechanics require DS port; animation can reuse/adapt referenced DS move","Target: SELECTED."
"Pokemon Elite Redux","Elite-Redux/er-config","e32616fea6ccf5245096d8d7eeb54f0f5ac0b2a7","MOVE_TORRENT_FIST","Torrent Fist","WATER","Physical","80","100","15","EFFECT_SPEED_DOWN_HIT","effect chance 20%","mirror-move-affected;iron-fist;effect-chance-20","MoveList.textproto","explicitly reuses an existing animation","MOVE_SURGING_STRIKES","no repository license detected","mechanics require DS port; animation can reuse/adapt referenced DS move","Target: SELECTED."
"Pokemon Elite Redux","Elite-Redux/er-config","e32616fea6ccf5245096d8d7eeb54f0f5ac0b2a7","MOVE_STAR_CRASH","Star Crash","FAIRY","Physical","120","100","10","EFFECT_RECOIL_33","","contact;mirror-move-affected;reckless","MoveList.textproto","explicitly reuses an existing animation","MOVE_METEOR_MASH","no repository license detected","mechanics require DS port; animation can reuse/adapt referenced DS move","Target: SELECTED."
"Pokemon Elite Redux","Elite-Redux/er-config","e32616fea6ccf5245096d8d7eeb54f0f5ac0b2a7","MOVE_ENERGY_WAVE","Energy Wave","NORMAL","Special","115","90","5","damage/status logic in source record","","mirror-move-affected","MoveList.textproto","explicitly reuses an existing animation","MOVE_SONIC_BOOM","no repository license detected","mechanics require DS port; animation can reuse/adapt referenced DS move","Target: SELECTED."
"Pokemon Elite Redux","Elite-Redux/er-config","e32616fea6ccf5245096d8d7eeb54f0f5ac0b2a7","MOVE_FLUTTERING_LEAF","Fluttering Leaf","GRASS","Physical","60","100","20","EFFECT_HIT_ESCAPE","","contact;mirror-move-affected","MoveList.textproto","explicitly reuses an existing animation","MOVE_U_TURN","no repository license detected","mechanics require DS port; animation can reuse/adapt referenced DS move","Target: SELECTED."
"Pokemon Elite Redux","Elite-Redux/er-config","e32616fea6ccf5245096d8d7eeb54f0f5ac0b2a7","MOVE_WHIRLING_STRIKES","Whirling Strikes","FLYING","Physical","20","90","10","EFFECT_TRIPLE_KICK","","contact;mirror-move-affected;striker","MoveList.textproto","explicitly reuses an existing animation","MOVE_TRIPLE_AXEL","no repository license detected","mechanics require DS port; animation can reuse/adapt referenced DS move","Target: SELECTED."
"Pokemon Elite Redux","Elite-Redux/er-config","e32616fea6ccf5245096d8d7eeb54f0f5ac0b2a7","MOVE_MIND_BREAK","Mind Break","PSYCHIC","Physical","110","90","10","EFFECT_CONFUSE_HIT","effect chance 20%","mirror-move-affected;effect-chance-20","MoveList.textproto","explicitly reuses an existing animation","MOVE_PSYSHOCK","no repository license detected","mechanics require DS port; animation can reuse/adapt referenced DS move","Target: SELECTED."
"Pokemon Elite Redux","Elite-Redux/er-config","e32616fea6ccf5245096d8d7eeb54f0f5ac0b2a7","MOVE_WYRM_WIND","Wyrm Wind","DRAGON","Special","25","100","20","EFFECT_MULTI_HIT","effect chance 100%","mirror-move-affected;mega-launcher;ballistic;effect-chance-100","MoveList.textproto","explicitly reuses an existing animation","MOVE_SCALE_SHOT","no repository license detected","mechanics require DS port; animation can reuse/adapt referenced DS move","Target: SELECTED."
"Pokemon Elite Redux","Elite-Redux/er-config","e32616fea6ccf5245096d8d7eeb54f0f5ac0b2a7","MOVE_BERRY_SMASH","Berry Smash","GRASS","Physical","70","100","5","EFFECT_BERRY_SMASH","","contact;mirror-move-affected;hammer","MoveList.textproto","explicitly reuses an existing animation","MOVE_WOOD_HAMMER","no repository license detected","mechanics require DS port; animation can reuse/adapt referenced DS move","Target: SELECTED."
"Pokemon Elite Redux","Elite-Redux/er-config","e32616fea6ccf5245096d8d7eeb54f0f5ac0b2a7","MOVE_SUPERHOT_FLAME","Boiling Flame","FIRE","Special","80","100","15","EFFECT_WEATHER_BOOST","","mirror-move-affected","MoveList.textproto","explicitly reuses an existing animation","MOVE_HYDRO_STEAM","no repository license detected","mechanics require DS port; animation can reuse/adapt referenced DS move","Target: SELECTED."
"Pokemon Elite Redux","Elite-Redux/er-config","e32616fea6ccf5245096d8d7eeb54f0f5ac0b2a7","MOVE_DOUBLE_LARIAT","Double Lariat","FIGHTING","Physical","85","100","10","EFFECT_THROAT_CHOP","","contact;mirror-move-affected","MoveList.textproto","explicitly reuses an existing animation","MOVE_DARKEST_LARIAT","no repository license detected","mechanics require DS port; animation can reuse/adapt referenced DS move","Target: BOTH."
"Pokemon Elite Redux","Elite-Redux/er-config","e32616fea6ccf5245096d8d7eeb54f0f5ac0b2a7","MOVE_LEECH_BLADE","Leech Blade","GRASS","Physical","75","100","15","EFFECT_ABSORB","","contact;mirror-move-affected;keen-edge","MoveList.textproto","explicitly reuses an existing animation","MOVE_LEAF_BLADE","no repository license detected","mechanics require DS port; animation can reuse/adapt referenced DS move","Target: SELECTED."
"Pokemon Elite Redux","Elite-Redux/er-config","e32616fea6ccf5245096d8d7eeb54f0f5ac0b2a7","MOVE_YGGDRASIL_FORCE","Yggdrasil Force","GRASS","Physical","120","100","5","EFFECT_SUPERPOWER","","contact;mirror-move-affected","MoveList.textproto","explicitly reuses an existing animation","MOVE_SUPERPOWER","no repository license detected","mechanics require DS port; animation can reuse/adapt referenced DS move","Target: SELECTED."
"Pokemon Elite Redux","Elite-Redux/er-config","e32616fea6ccf5245096d8d7eeb54f0f5ac0b2a7","MOVE_DRAIN_BRAIN","Drain Brain","PSYCHIC","Status","","100","10","EFFECT_DRAIN_BRAIN","","magic-coat-affected;mirror-move-affected","MoveList.textproto","explicitly reuses an existing animation","MOVE_STRENGTH_SAP","no repository license detected","mechanics require DS port; animation can reuse/adapt referenced DS move","Target: SELECTED."
"Pokemon Elite Redux","Elite-Redux/er-config","e32616fea6ccf5245096d8d7eeb54f0f5ac0b2a7","MOVE_PSYCHOKINETIC_SLAM","Psychokinetic Slam","PSYCHIC","Physical","120","100","10","EFFECT_RECOIL_33","","contact;mirror-move-affected;reckless","MoveList.textproto","explicitly reuses an existing animation","MOVE_DOUBLE_EDGE","no repository license detected","mechanics require DS port; animation can reuse/adapt referenced DS move","Target: SELECTED."
"Pokemon Elite Redux","Elite-Redux/er-config","e32616fea6ccf5245096d8d7eeb54f0f5ac0b2a7","MOVE_GEM_MISSILE","Gem Missile","ROCK","Special","40","100","15","damage/status logic in source record","priority 1","mirror-move-affected;priority-1","MoveList.textproto","explicitly reuses an existing animation","MOVE_POWER_GEM","no repository license detected","mechanics require DS port; animation can reuse/adapt referenced DS move","Target: SELECTED."
"Pokemon Elite Redux","Elite-Redux/er-config","e32616fea6ccf5245096d8d7eeb54f0f5ac0b2a7","MOVE_RIDER_KICK","Rider Kick","BUG","Physical","90","","10","damage/status logic in source record","","contact;ignores-ability;mirror-move-affected;striker","MoveList.textproto","explicitly reuses an existing animation","MOVE_JUMP_KICK","no repository license detected","mechanics require DS port; animation can reuse/adapt referenced DS move","Target: SELECTED."
"Pokemon Elite Redux","Elite-Redux/er-config","e32616fea6ccf5245096d8d7eeb54f0f5ac0b2a7","MOVE_INVERSE_ROOM","Inverse Room","PSYCHIC","Status","","","5","EFFECT_INVERSE_ROOM","","mirror-move-affected","MoveList.textproto","explicitly reuses an existing animation","MOVE_TRICK_ROOM","no repository license detected","mechanics require DS port; animation can reuse/adapt referenced DS move","Target: ALL_BATTLERS."
"Pokemon Elite Redux","Elite-Redux/er-config","e32616fea6ccf5245096d8d7eeb54f0f5ac0b2a7","MOVE_BLAZING_BONE","Blazing Bone","FIRE","Physical","15","100","10","EFFECT_MULTI_HIT","priority 1","mirror-move-affected;bone;priority-1","MoveList.textproto","explicitly reuses an existing animation","MOVE_SHADOW_BONE","no repository license detected","mechanics require DS port; animation can reuse/adapt referenced DS move","Target: SELECTED."
"Pokemon Elite Redux","Elite-Redux/er-config","e32616fea6ccf5245096d8d7eeb54f0f5ac0b2a7","MOVE_KARMA","Karma","POISON","Status","","","20","EFFECT_KARMA","","snatch-affected;mirror-move-affected","MoveList.textproto","explicitly reuses an existing animation","MOVE_CURSE","no repository license detected","mechanics require DS port; animation can reuse/adapt referenced DS move","Target: USER."
"Pokemon Elite Redux","Elite-Redux/er-config","e32616fea6ccf5245096d8d7eeb54f0f5ac0b2a7","MOVE_GHASTLY_ECHO","Ghastly Echo","GHOST","Special","20","100","10","EFFECT_GHASTLY_ECHO","","mirror-move-affected;sound","MoveList.textproto","explicitly reuses an existing animation","MOVE_PURSUIT","no repository license detected","mechanics require DS port; animation can reuse/adapt referenced DS move","Target: SELECTED."
"Pokemon Elite Redux","Elite-Redux/er-config","e32616fea6ccf5245096d8d7eeb54f0f5ac0b2a7","MOVE_RAGING_SOULS","Raging Souls","GHOST","Special","130","100","5","EFFECT_OVERHEAT","effect chance 100%","mirror-move-affected;effect-chance-100","MoveList.textproto","explicitly reuses an existing animation","MOVE_WILL_O_WISP","no repository license detected","mechanics require DS port; animation can reuse/adapt referenced DS move","Target: SELECTED."
"Pokemon Elite Redux","Elite-Redux/er-config","e32616fea6ccf5245096d8d7eeb54f0f5ac0b2a7","MOVE_REQUIEM","Requiem","GHOST","Special","90","100","10","EFFECT_CURSE_HIT","effect chance 10%","mirror-move-affected;sound;effect-chance-10","MoveList.textproto","explicitly reuses an existing animation","MOVE_SING","no repository license detected","mechanics require DS port; animation can reuse/adapt referenced DS move","Target: SELECTED."
"Pokemon Elite Redux","Elite-Redux/er-config","e32616fea6ccf5245096d8d7eeb54f0f5ac0b2a7","MOVE_SOIL_DRAIN","Soil Drain","GROUND","Special","75","100","10","EFFECT_ABSORB","","mirror-move-affected","MoveList.textproto","explicitly reuses an existing animation","MOVE_GIGA_DRAIN","no repository license detected","mechanics require DS port; animation can reuse/adapt referenced DS move","Target: SELECTED."
"Pokemon Elite Redux","Elite-Redux/er-config","e32616fea6ccf5245096d8d7eeb54f0f5ac0b2a7","MOVE_SMASHIN_REALITIES","Smashin\' Realities","DARK","Physical","90","100","5","EFFECT_CLEAR_WEATHER_AND_TERRAIN_HIT","priority -3","contact;mirror-move-affected;hammer;priority--3","MoveList.textproto","explicitly reuses an existing animation","MOVE_HAMMER_ARM","no repository license detected","mechanics require DS port; animation can reuse/adapt referenced DS move","Target: SELECTED."
"Pokemon Elite Redux","Elite-Redux/er-config","e32616fea6ccf5245096d8d7eeb54f0f5ac0b2a7","MOVE_CREEPING_THORNS","Creeping Thorns","GRASS","Status","","","20","EFFECT_STEALTH_ROCK","","magic-coat-affected","MoveList.textproto","animation linkage pending source-wide animation audit","","no repository license detected","mechanics require DS port; animation evidence pending","Target: OPPONENTS_FIELD."
"Pokemon Elite Redux","Elite-Redux/er-config","e32616fea6ccf5245096d8d7eeb54f0f5ac0b2a7","MOVE_WILD_SWING","Wild Swing","NORMAL","Physical","60","100","20","EFFECT_HIT_SWITCH_TARGET","priority -6","contact;mirror-move-affected;hammer;priority--6","MoveList.textproto","explicitly reuses an existing animation","MOVE_GIGATON_HAMMER","no repository license detected","mechanics require DS port; animation can reuse/adapt referenced DS move","Target: SELECTED."
"Pokemon Elite Redux","Elite-Redux/er-config","e32616fea6ccf5245096d8d7eeb54f0f5ac0b2a7","MOVE_FEMUR_BREAKER","Femur Breaker","ELECTRIC","Physical","120","70","10","EFFECT_PARALYZE_HIT","effect chance 100%","contact;mirror-move-affected;hammer;effect-chance-100","MoveList.textproto","explicitly reuses an existing animation","MOVE_SMITE","no repository license detected","mechanics require DS port; animation can reuse/adapt referenced DS move","Target: SELECTED."
"Pokemon Elite Redux","Elite-Redux/er-config","e32616fea6ccf5245096d8d7eeb54f0f5ac0b2a7","MOVE_SQUEAKY_HAMMER","Squeaky Hammer","FAIRY","Physical","80","100","15","EFFECT_ATTRACT_HIT","effect chance 20%","contact;mirror-move-affected;hammer;effect-chance-20","MoveList.textproto","explicitly reuses an existing animation","MOVE_GIGATON_HAMMER","no repository license detected","mechanics require DS port; animation can reuse/adapt referenced DS move","Target: SELECTED."
"Pokemon Elite Redux","Elite-Redux/er-config","e32616fea6ccf5245096d8d7eeb54f0f5ac0b2a7","MOVE_PRIMITIVE_STRIKE","Primitive Strike","GROUND","Physical","120","95","5","damage/status logic in source record","priority -2","contact;mirror-move-affected;hammer;priority--2","MoveList.textproto","explicitly reuses an existing animation","MOVE_GIGATON_HAMMER","no repository license detected","mechanics require DS port; animation can reuse/adapt referenced DS move","Target: SELECTED."
"Pokemon Elite Redux","Elite-Redux/er-config","e32616fea6ccf5245096d8d7eeb54f0f5ac0b2a7","MOVE_SMASHING_PUMPKINS","Smashing Pumpkins","GRASS","Physical","60","","20","EFFECT_GRASSY_TERRAIN_HIT","effect chance 100%","contact;mirror-move-affected;hammer;effect-chance-100","MoveList.textproto","explicitly reuses an existing animation","MOVE_GIGATON_HAMMER","no repository license detected","mechanics require DS port; animation can reuse/adapt referenced DS move","Target: SELECTED."
"Pokemon Elite Redux","Elite-Redux/er-config","e32616fea6ccf5245096d8d7eeb54f0f5ac0b2a7","MOVE_AIRBORNE_SLAM","Airborne Slam","NORMAL","Physical","","","","EFFECT_PLACEHOLDER","","ignores-protect;hammer","MoveList.textproto","explicitly reuses an existing animation","MOVE_GIGATON_HAMMER","no repository license detected","mechanics require DS port; animation can reuse/adapt referenced DS move","Target: SELECTED."
"Pokemon Elite Redux","Elite-Redux/er-config","e32616fea6ccf5245096d8d7eeb54f0f5ac0b2a7","MOVE_SPINE_BREAKER","Spine Breaker","ROCK","Physical","80","100","15","EFFECT_PARALYZE_HIT","effect chance 30%","contact;mirror-move-affected;hammer;effect-chance-30","MoveList.textproto","explicitly reuses an existing animation","MOVE_GIGATON_HAMMER","no repository license detected","mechanics require DS port; animation can reuse/adapt referenced DS move","Target: SELECTED."
"Pokemon Elite Redux","Elite-Redux/er-config","e32616fea6ccf5245096d8d7eeb54f0f5ac0b2a7","MOVE_CRACKLE_SLAM","Crackle Slam","ELECTRIC","Physical","70","100","15","custom_behavior","","contact;mirror-move-affected;hammer","MoveList.textproto","explicitly reuses an existing animation","MOVE_GIGATON_HAMMER","no repository license detected","mechanics require DS port; animation can reuse/adapt referenced DS move","Source record contains a custom_behavior block; detailed mechanics audit pending. Target: SELECTED."
"Pokemon Elite Redux","Elite-Redux/er-config","e32616fea6ccf5245096d8d7eeb54f0f5ac0b2a7","MOVE_SQUALL_HAMMER","Squall Hammer","FLYING","Physical","95","100","10","EFFECT_DEFOG","effect chance 50%; priority -1","contact;mirror-move-affected;no-sheer-force;hammer;effect-chance-50;priority--1","MoveList.textproto","explicitly reuses an existing animation","MOVE_GIGATON_HAMMER","no repository license detected","mechanics require DS port; animation can reuse/adapt referenced DS move","Target: SELECTED."
"Pokemon Elite Redux","Elite-Redux/er-config","e32616fea6ccf5245096d8d7eeb54f0f5ac0b2a7","MOVE_MEGATON_HAMMER","Megaton Hammer","FIGHTING","Physical","80","100","10","damage/status logic in source record","","contact;ignores-protect;mirror-move-affected;hammer","MoveList.textproto","explicitly reuses an existing animation","MOVE_GIGATON_HAMMER","no repository license detected","mechanics require DS port; animation can reuse/adapt referenced DS move","Target: SELECTED."
"Pokemon Elite Redux","Elite-Redux/er-config","e32616fea6ccf5245096d8d7eeb54f0f5ac0b2a7","MOVE_BATTERING_RAM","Battering Ram","DRAGON","Physical","90","100","15","EFFECT_BRICK_BREAK","","contact;mirror-move-affected;hammer","MoveList.textproto","explicitly reuses an existing animation","MOVE_GIGATON_HAMMER","no repository license detected","mechanics require DS port; animation can reuse/adapt referenced DS move","Target: SELECTED."
"Pokemon Elite Redux","Elite-Redux/er-config","e32616fea6ccf5245096d8d7eeb54f0f5ac0b2a7","MOVE_PITFALL","Pitfall","GROUND","Physical","80","100","10","EFFECT_ARGUMENT_HIT","effect chance 30%","contact;mirror-move-affected;hammer;effect-chance-30","MoveList.textproto","explicitly reuses an existing animation","MOVE_GIGATON_HAMMER","no repository license detected","mechanics require DS port; animation can reuse/adapt referenced DS move","Target: SELECTED."
"Pokemon Elite Redux","Elite-Redux/er-config","e32616fea6ccf5245096d8d7eeb54f0f5ac0b2a7","MOVE_VIRAL_STRIKE","Viral Strike","POISON","Physical","110","90","5","damage/status logic in source record","","contact;mirror-move-affected;hammer","MoveList.textproto","explicitly reuses an existing animation","MOVE_GIGATON_HAMMER","no repository license detected","mechanics require DS port; animation can reuse/adapt referenced DS move","Target: SELECTED."
"Pokemon Elite Redux","Elite-Redux/er-config","e32616fea6ccf5245096d8d7eeb54f0f5ac0b2a7","MOVE_SHADOW_HAMMER","Shadow Hammer","GHOST","Physical","120","100","10","EFFECT_RECOIL_33","","contact;mirror-move-affected;hammer;reckless","MoveList.textproto","explicitly reuses an existing animation","MOVE_GIGATON_HAMMER","no repository license detected","mechanics require DS port; animation can reuse/adapt referenced DS move","Target: SELECTED."
"Pokemon Elite Redux","Elite-Redux/er-config","e32616fea6ccf5245096d8d7eeb54f0f5ac0b2a7","MOVE_BONK","Bonk","FAIRY","Physical","75","100","5","EFFECT_ARGUMENT_HIT","effect chance 50%","contact;mirror-move-affected;hammer;effect-chance-50","MoveList.textproto","explicitly reuses an existing animation","MOVE_GIGATON_HAMMER","no repository license detected","mechanics require DS port; animation can reuse/adapt referenced DS move","Target: SELECTED."
"Pokemon Elite Redux","Elite-Redux/er-config","e32616fea6ccf5245096d8d7eeb54f0f5ac0b2a7","MOVE_MOLTEN_STRIKE","Molten Strike","FIRE","Physical","100","100","10","EFFECT_HIT","effect chance 100%","contact;mirror-move-affected;hammer;effect-chance-100","MoveList.textproto","explicitly reuses an existing animation","MOVE_GIGATON_HAMMER","no repository license detected","mechanics require DS port; animation can reuse/adapt referenced DS move","Target: SELECTED."
"Pokemon Elite Redux","Elite-Redux/er-config","e32616fea6ccf5245096d8d7eeb54f0f5ac0b2a7","MOVE_MIRAGE_SLAM","Mirage Slam","PSYCHIC","Physical","120","85","10","damage/status logic in source record","","contact;mirror-move-affected;hammer","MoveList.textproto","explicitly reuses an existing animation","MOVE_GIGATON_HAMMER","no repository license detected","mechanics require DS port; animation can reuse/adapt referenced DS move","Target: SELECTED."
"Pokemon Elite Redux","Elite-Redux/er-config","e32616fea6ccf5245096d8d7eeb54f0f5ac0b2a7","MOVE_EARTHSPLITTER","Earthsplitter","STEEL","Physical","90","100","10","EFFECT_DEFENSE_DOWN_HIT","effect chance 50%","contact;mirror-move-affected;hammer;effect-chance-50","MoveList.textproto","explicitly reuses an existing animation","MOVE_GIGATON_HAMMER","no repository license detected","mechanics require DS port; animation can reuse/adapt referenced DS move","Target: SELECTED."
"Pokemon Elite Redux","Elite-Redux/er-config","e32616fea6ccf5245096d8d7eeb54f0f5ac0b2a7","MOVE_BEETLE_BASH","Beetle Bash","BUG","Physical","120","90","5","EFFECT_CONFUSE_HIT","effect chance 30%","contact;mirror-move-affected;hammer;effect-chance-30","MoveList.textproto","explicitly reuses an existing animation","MOVE_GIGATON_HAMMER","no repository license detected","mechanics require DS port; animation can reuse/adapt referenced DS move","Target: SELECTED."
"Pokemon Elite Redux","Elite-Redux/er-config","e32616fea6ccf5245096d8d7eeb54f0f5ac0b2a7","MOVE_PEBBLE_SHOWER","Pebble Shower","ROCK","Special","75","100","10","EFFECT_FLINCH_HIT","effect chance 20%","mirror-move-affected;effect-chance-20","MoveList.textproto","explicitly reuses an existing animation","MOVE_ROCK_SLIDE","no repository license detected","mechanics require DS port; animation can reuse/adapt referenced DS move","Target: BOTH."
"Pokemon Elite Redux","Elite-Redux/er-config","e32616fea6ccf5245096d8d7eeb54f0f5ac0b2a7","MOVE_RAPID_RIVER","Rapid River","WATER","Physical","45","100","15","EFFECT_DRENCH_HIT","effect chance 10%","contact;mirror-move-affected;mega-launcher;effect-chance-10","MoveList.textproto","explicitly reuses an existing animation","MOVE_WATERFALL","no repository license detected","mechanics require DS port; animation can reuse/adapt referenced DS move","Target: SELECTED."
"Pokemon Elite Redux","Elite-Redux/er-config","e32616fea6ccf5245096d8d7eeb54f0f5ac0b2a7","MOVE_TOXIC_NEEDLES","Toxic Needles","POISON","Physical","25","100","10","EFFECT_MULTI_HIT","effect chance 10%","contact;mirror-move-affected;effect-chance-10","MoveList.textproto","explicitly reuses an existing animation","MOVE_BARB_BARRAGE","no repository license detected","mechanics require DS port; animation can reuse/adapt referenced DS move","Target: SELECTED."
"Pokemon Elite Redux","Elite-Redux/er-config","e32616fea6ccf5245096d8d7eeb54f0f5ac0b2a7","MOVE_SMOLDER_BASH","Smolder Bash","FIRE","Physical","80","100","15","EFFECT_BURN_HIT","effect chance 10%","contact;mirror-move-affected;horn;effect-chance-10","MoveList.textproto","explicitly reuses an existing animation","MOVE_FLARE_BLITZ","no repository license detected","mechanics require DS port; animation can reuse/adapt referenced DS move","Target: SELECTED."
"Pokemon Elite Redux","Elite-Redux/er-config","e32616fea6ccf5245096d8d7eeb54f0f5ac0b2a7","MOVE_BEATDOWN","Beatdown","DARK","Physical","25","100","20","EFFECT_MULTI_HIT","","contact;mirror-move-affected","MoveList.textproto","explicitly reuses an existing animation","MOVE_BEAT_UP","no repository license detected","mechanics require DS port; animation can reuse/adapt referenced DS move","Target: SELECTED."
"Pokemon Elite Redux","Elite-Redux/er-config","e32616fea6ccf5245096d8d7eeb54f0f5ac0b2a7","MOVE_EERIE_FOG","Eerie Fog","GHOST","Status","","","10","EFFECT_EERIE_FOG","","ignores-protect","MoveList.textproto","explicitly reuses an existing animation","MOVE_HAZE","no repository license detected","mechanics require DS port; animation can reuse/adapt referenced DS move","Target: SELECTED."
"Pokemon Elite Redux","Elite-Redux/er-config","e32616fea6ccf5245096d8d7eeb54f0f5ac0b2a7","MOVE_MYSTIC_DANCE","Mystic Dance","DRAGON","Status","","","20","EFFECT_MYSTIC_DANCE","","snatch-affected;dance","MoveList.textproto","explicitly reuses an existing animation","MOVE_DRAGON_DANCE","no repository license detected","mechanics require DS port; animation can reuse/adapt referenced DS move","Target: USER."
"Pokemon Elite Redux","Elite-Redux/er-config","e32616fea6ccf5245096d8d7eeb54f0f5ac0b2a7","MOVE_RELENTLESS_CLOBBER","Relentless Clobber","DARK","Physical","25","100","20","EFFECT_MULTI_HIT","","contact;mirror-move-affected;hammer","MoveList.textproto","explicitly reuses an existing animation","MOVE_BEAT_UP","no repository license detected","mechanics require DS port; animation can reuse/adapt referenced DS move","Target: SELECTED."
"Pokemon Elite Redux","Elite-Redux/er-config","e32616fea6ccf5245096d8d7eeb54f0f5ac0b2a7","MOVE_POP_MAYHEM","Popping Mayhem","FIRE","Physical","25","100","20","EFFECT_MULTI_HIT","effect chance 10%","mirror-move-affected;ballistic;effect-chance-10","MoveList.textproto","explicitly reuses an existing animation","MOVE_BULLET_SEED","no repository license detected","mechanics require DS port; animation can reuse/adapt referenced DS move","Target: SELECTED."
"Pokemon Elite Redux","Elite-Redux/er-config","e32616fea6ccf5245096d8d7eeb54f0f5ac0b2a7","MOVE_KILOBITE","Kilobite","STEEL","Physical","85","100","10","EFFECT_SNAP_JAW","effect chance 100%","mirror-move-affected;strong-jaw;effect-chance-100","MoveList.textproto","explicitly reuses an existing animation","MOVE_IRON_FANGS","no repository license detected","mechanics require DS port; animation can reuse/adapt referenced DS move","Target: SELECTED."
"Pokemon Elite Redux","Elite-Redux/er-config","e32616fea6ccf5245096d8d7eeb54f0f5ac0b2a7","MOVE_TANGLING_HUSK","Tangling Husk","GRASS","Status","","","5","EFFECT_PROTECT","priority 4","is-protection;priority-4","MoveList.textproto","explicitly reuses an existing animation","MOVE_SILK_TRAP","no repository license detected","mechanics require DS port; animation can reuse/adapt referenced DS move","Target: USER."
"Pokemon Elite Redux","Elite-Redux/er-config","e32616fea6ccf5245096d8d7eeb54f0f5ac0b2a7","MOVE_RIP_AND_TEAR","Rip and Tear","DARK","Physical","110","90","5","EFFECT_RIP_AND_TEAR","effect chance 50%","contact;every-other-turn;mirror-move-affected;strong-jaw;effect-chance-50","MoveList.textproto","explicitly reuses an existing animation","MOVE_CRUNCH","no repository license detected","mechanics require DS port; animation can reuse/adapt referenced DS move","Target: SELECTED."
"Pokemon Elite Redux","Elite-Redux/er-config","e32616fea6ccf5245096d8d7eeb54f0f5ac0b2a7","MOVE_BRAVADO","Bravado","NORMAL","Special","70","100","20","EFFECT_FACADE","","mirror-move-affected;contact","MoveList.textproto","explicitly reuses an existing animation","MOVE_FACADE","no repository license detected","mechanics require DS port; animation can reuse/adapt referenced DS move","Target: SELECTED."
"Pokemon Elite Redux","Elite-Redux/er-config","e32616fea6ccf5245096d8d7eeb54f0f5ac0b2a7","MOVE_TERROR_CHARGE","Terror Charge","DARK","Physical","65","100","15","custom_behavior","effect chance 50%","contact;mirror-move-affected;strong-jaw;effect-chance-50","MoveList.textproto","explicitly reuses an existing animation","MOVE_DOUBLE_EDGE","no repository license detected","mechanics require DS port; animation can reuse/adapt referenced DS move","Source record contains a custom_behavior block; detailed mechanics audit pending. Target: SELECTED."
"Pokemon Elite Redux","Elite-Redux/er-config","e32616fea6ccf5245096d8d7eeb54f0f5ac0b2a7","MOVE_TERROR_LOCKS","Terror Locks","GHOST","Physical","85","100","15","custom_behavior","effect chance 30%","contact;mirror-move-affected;keen-edge;effect-chance-30","MoveList.textproto","explicitly reuses an existing animation","MOVE_NIGHT_SLASH","no repository license detected","mechanics require DS port; animation can reuse/adapt referenced DS move","Source record contains a custom_behavior block; detailed mechanics audit pending. Target: SELECTED."
"Pokemon Elite Redux","Elite-Redux/er-config","e32616fea6ccf5245096d8d7eeb54f0f5ac0b2a7","MOVE_DREAM_INVERSION","Dream Invasion","NORMAL","Physical","70","100","10","EFFECT_ARGUMENT_HIT","effect chance 10%","mirror-move-affected;effect-chance-10","MoveList.textproto","explicitly reuses an existing animation","MOVE_DREAM_EATER","no repository license detected","mechanics require DS port; animation can reuse/adapt referenced DS move","Target: BOTH."
"Pokemon Elite Redux","Elite-Redux/er-config","e32616fea6ccf5245096d8d7eeb54f0f5ac0b2a7","MOVE_SPARKLING_BARRAGE","Sparkling Barrage","PSYCHIC","Physical","30","100","10","EFFECT_DOUBLE_HIT","","mirror-move-affected;arrow","MoveList.textproto","explicitly reuses an existing animation","MOVE_SPIRIT_SHACKLE","no repository license detected","mechanics require DS port; animation can reuse/adapt referenced DS move","Target: SELECTED."
"Pokemon Elite Redux","Elite-Redux/er-config","e32616fea6ccf5245096d8d7eeb54f0f5ac0b2a7","MOVE_SPECTRAL_SERENADE","Spectral Serenade","GHOST","Special","130","100","5","damage/status logic in source record","","every-other-turn;mirror-move-affected","MoveList.textproto","explicitly reuses an existing animation","MOVE_WILL_O_WISP","no repository license detected","mechanics require DS port; animation can reuse/adapt referenced DS move","Target: SELECTED."
"Pokemon Elite Redux","Elite-Redux/er-config","e32616fea6ccf5245096d8d7eeb54f0f5ac0b2a7","MOVE_MERCULIGHT","Merculight","ELECTRIC","Status","","","5","EFFECT_PROTECT","priority 4","is-protection;priority-4","MoveList.textproto","explicitly reuses an existing animation","MOVE_PROTECT","no repository license detected","mechanics require DS port; animation can reuse/adapt referenced DS move","Target: USER."
"Pokemon Elite Redux","Elite-Redux/er-config","e32616fea6ccf5245096d8d7eeb54f0f5ac0b2a7","MOVE_BIG_BLAST","Big Bang","NORMAL","Special","90","100","10","EFFECT_BURN_HIT","effect chance 20%","mirror-move-affected;mega-launcher;effect-chance-20","MoveList.textproto","explicitly reuses an existing animation","MOVE_HYPER_BEAM","no repository license detected","mechanics require DS port; animation can reuse/adapt referenced DS move","Target: SELECTED."
"Pokemon Elite Redux","Elite-Redux/er-config","e32616fea6ccf5245096d8d7eeb54f0f5ac0b2a7","MOVE_SPECTRAL_FLAME","Spectral Flame","GHOST","Status","","85","10","EFFECT_SPECTRAL_FLAME","","magic-coat-affected","MoveList.textproto","explicitly reuses an existing animation","MOVE_WILL_O_WISP","no repository license detected","mechanics require DS port; animation can reuse/adapt referenced DS move","Target: SELECTED."
"Pokemon Elite Redux","Elite-Redux/er-config","e32616fea6ccf5245096d8d7eeb54f0f5ac0b2a7","MOVE_TREPIDATION","Trepidation","POISON","Special","20","90","20","EFFECT_TREPIDATION","effect chance 100%","mirror-move-affected;effect-chance-100","MoveList.textproto","explicitly reuses an existing animation","MOVE_MEAN_LOOK","no repository license detected","mechanics require DS port; animation can reuse/adapt referenced DS move","Target: SELECTED."
"Pokemon Elite Redux","Elite-Redux/er-config","e32616fea6ccf5245096d8d7eeb54f0f5ac0b2a7","MOVE_ASTRAL_HAND","Astral Hand","PSYCHIC","Physical","85","100","15","damage/status logic in source record","","contact;ignores-stat-stages;mirror-move-affected;iron-fist","MoveList.textproto","explicitly reuses an existing animation","MOVE_MEGA_PUNCH","no repository license detected","mechanics require DS port; animation can reuse/adapt referenced DS move","Target: SELECTED."
"Pokemon Elite Redux","Elite-Redux/er-config","e32616fea6ccf5245096d8d7eeb54f0f5ac0b2a7","MOVE_FETCH","Fetch","NORMAL","Physical","","","5","EFFECT_FETCH","","ignores-protect","MoveList.textproto","explicitly reuses an existing animation","MOVE_BATON_PASS","no repository license detected","mechanics require DS port; animation can reuse/adapt referenced DS move","Target: SELECTED."
"Pokemon Elite Redux","Elite-Redux/er-config","e32616fea6ccf5245096d8d7eeb54f0f5ac0b2a7","MOVE_TRANSMUTE","Transmute","PSYCHIC","Special","80","100","5","EFFECT_MISC_HIT","","mirror-move-affected;contact","MoveList.textproto","explicitly reuses an existing animation","MOVE_PSYCHIC","no repository license detected","mechanics require DS port; animation can reuse/adapt referenced DS move","Target: SELECTED."
"Pokemon Elite Redux","Elite-Redux/er-config","e32616fea6ccf5245096d8d7eeb54f0f5ac0b2a7","MOVE_CLEAR_SKIES","Clear Skies","NORMAL","Status","","","15","EFFECT_CLEAR_SKIES","","","MoveList.textproto","explicitly reuses an existing animation","MOVE_DEFOG","no repository license detected","mechanics require DS port; animation can reuse/adapt referenced DS move","Target: ALL_BATTLERS."
"Pokemon Elite Redux","Elite-Redux/er-config","e32616fea6ccf5245096d8d7eeb54f0f5ac0b2a7","MOVE_READY_OR_NOT","Ready or Not","NORMAL","Physical","80","100","15","EFFECT_SEMI_INVULNERABLE","effect chance 30%","mirror-move-affected;effect-chance-30","MoveList.textproto","explicitly reuses an existing animation","MOVE_ASTONISH","no repository license detected","mechanics require DS port; animation can reuse/adapt referenced DS move","Target: SELECTED."
"Pokemon Elite Redux","Elite-Redux/er-config","e32616fea6ccf5245096d8d7eeb54f0f5ac0b2a7","MOVE_GIANT_GALE","Giant Gale","FLYING","Special","110","100","5","EFFECT_ARGUMENT_HIT","effect chance 100%","mirror-move-affected;no-sheer-force;air;effect-chance-100","MoveList.textproto","explicitly reuses an existing animation","MOVE_HURRICANE","no repository license detected","mechanics require DS port; animation can reuse/adapt referenced DS move","Target: SELECTED."
"Pokemon Elite Redux","Elite-Redux/er-config","e32616fea6ccf5245096d8d7eeb54f0f5ac0b2a7","MOVE_VEXING_VOID","Vexing Void","DARK","Special","110","85","5","EFFECT_SPECIAL_DEFENSE_DOWN_HIT","effect chance 30%","mirror-move-affected;effect-chance-30","MoveList.textproto","explicitly reuses an existing animation","MOVE_DARK_VOID","no repository license detected","mechanics require DS port; animation can reuse/adapt referenced DS move","Target: SELECTED."
"Pokemon Elite Redux","Elite-Redux/er-config","e32616fea6ccf5245096d8d7eeb54f0f5ac0b2a7","MOVE_ECLIPSE","Eclipse","DARK","Special","130","100","5","EFFECT_BURN_UP","effect chance 100%","mirror-move-affected;effect-chance-100","MoveList.textproto","explicitly reuses an existing animation","MOVE_DARK_VOID","no repository license detected","mechanics require DS port; animation can reuse/adapt referenced DS move","Target: SELECTED."
"Pokemon Elite Redux","Elite-Redux/er-config","e32616fea6ccf5245096d8d7eeb54f0f5ac0b2a7","MOVE_TAKE_FLIGHT","Take Flight","FLYING","Special","60","100","20","EFFECT_HIT_ESCAPE","","mirror-move-affected;air","MoveList.textproto","explicitly reuses an existing animation","MOVE_U_TURN","no repository license detected","mechanics require DS port; animation can reuse/adapt referenced DS move","Target: SELECTED."
"Pokemon Elite Redux","Elite-Redux/er-config","e32616fea6ccf5245096d8d7eeb54f0f5ac0b2a7","MOVE_CALTROPS","Caltrops","STEEL","Status","","","20","EFFECT_CALTROPS","","magic-coat-affected","MoveList.textproto","explicitly reuses an existing animation","MOVE_SPIKES","no repository license detected","mechanics require DS port; animation can reuse/adapt referenced DS move","Target: OPPONENTS_FIELD."
"Pokemon Elite Redux","Elite-Redux/er-config","e32616fea6ccf5245096d8d7eeb54f0f5ac0b2a7","MOVE_SAFE_PASSAGE","Safe Passage","NORMAL","Status","","","20","EFFECT_SWITCH_ARGUMENT","","","MoveList.textproto","explicitly reuses an existing animation","MOVE_BATON_PASS","no repository license detected","mechanics require DS port; animation can reuse/adapt referenced DS move","Target: USER."
"Pokemon Elite Redux","Elite-Redux/er-config","e32616fea6ccf5245096d8d7eeb54f0f5ac0b2a7","MOVE_ESPER_WALTZ","Esper Waltz","PSYCHIC","Special","80","100","10","EFFECT_SP_ATTACK_UP_HIT","effect chance 50%","mirror-move-affected;dance;effect-chance-50","MoveList.textproto","explicitly reuses an existing animation","MOVE_REVELATION_DANCE","no repository license detected","mechanics require DS port; animation can reuse/adapt referenced DS move","Target: SELECTED."
"Pokemon Elite Redux","Elite-Redux/er-config","e32616fea6ccf5245096d8d7eeb54f0f5ac0b2a7","MOVE_ZAP_JIVE","Zap Jive","ELECTRIC","Special","80","100","10","EFFECT_SPEED_UP_HIT","effect chance 50%","mirror-move-affected;dance;effect-chance-50","MoveList.textproto","explicitly reuses an existing animation","MOVE_REVELATION_DANCE","no repository license detected","mechanics require DS port; animation can reuse/adapt referenced DS move","Target: SELECTED."
"Pokemon Elite Redux","Elite-Redux/er-config","e32616fea6ccf5245096d8d7eeb54f0f5ac0b2a7","MOVE_HEX_TROT","Hex Trot","GHOST","Special","80","100","10","EFFECT_SPEED_UP_HIT","effect chance 50%","mirror-move-affected;dance;effect-chance-50","MoveList.textproto","explicitly reuses an existing animation","MOVE_REVELATION_DANCE","no repository license detected","mechanics require DS port; animation can reuse/adapt referenced DS move","Target: SELECTED."
"Pokemon Elite Redux","Elite-Redux/er-config","e32616fea6ccf5245096d8d7eeb54f0f5ac0b2a7","MOVE_BAD_EGG","Bad Egg","POISON","Special","40","100","10","EFFECT_ARGUMENT_HIT","effect chance 100%","mirror-move-affected;effect-chance-100","MoveList.textproto","explicitly reuses an existing animation","MOVE_EGG_BOMB","no repository license detected","mechanics require DS port; animation can reuse/adapt referenced DS move","Target: SELECTED."
"Pokemon Elite Redux","Elite-Redux/er-config","e32616fea6ccf5245096d8d7eeb54f0f5ac0b2a7","MOVE_DRAGON_JAB","Dragon Jab","DRAGON","Physical","80","100","15","EFFECT_BLEED_HIT","effect chance 30%","contact;mirror-move-affected;horn;effect-chance-30","MoveList.textproto","explicitly reuses an existing animation","MOVE_MEGAHORN","no repository license detected","mechanics require DS port; animation can reuse/adapt referenced DS move","Target: SELECTED."
"Pokemon Elite Redux","Elite-Redux/er-config","e32616fea6ccf5245096d8d7eeb54f0f5ac0b2a7","MOVE_ICICLE_IMPALE","Icicle Impale","ICE","Physical","80","100","15","EFFECT_DEFENSE_DOWN_HIT","effect chance 30%","contact;mirror-move-affected;horn;effect-chance-30","MoveList.textproto","explicitly reuses an existing animation","MOVE_MEGAHORN","no repository license detected","mechanics require DS port; animation can reuse/adapt referenced DS move","Target: SELECTED."
"Pokemon Elite Redux","Elite-Redux/er-config","e32616fea6ccf5245096d8d7eeb54f0f5ac0b2a7","MOVE_TOXIC_PLUNGE","Toxic Plunge","POISON","Physical","110","100","10","EFFECT_SEMI_INVULNERABLE","effect chance 20%","contact;mirror-move-affected;effect-chance-20","MoveList.textproto","explicitly reuses an existing animation","MOVE_SLUDGE_WAVE","no repository license detected","mechanics require DS port; animation can reuse/adapt referenced DS move","Target: SELECTED."
"Pokemon Elite Redux","Elite-Redux/er-config","e32616fea6ccf5245096d8d7eeb54f0f5ac0b2a7","MOVE_SHOWTIME","Showtime","PSYCHIC","Status","","","5","EFFECT_SHOWTIME","","","MoveList.textproto","explicitly reuses an existing animation","MOVE_MAGIC_ROOM","no repository license detected","mechanics require DS port; animation can reuse/adapt referenced DS move","Target: USER."
"Pokemon Elite Redux","Elite-Redux/er-config","e32616fea6ccf5245096d8d7eeb54f0f5ac0b2a7","MOVE_BANISHED_POWER","Banished Power","DARK","Special","70","100","10","EFFECT_ARGUMENT_HIT","effect chance 100%","mirror-move-affected;effect-chance-100","MoveList.textproto","explicitly reuses an existing animation","MOVE_DARK_PULSE","no repository license detected","mechanics require DS port; animation can reuse/adapt referenced DS move","Target: SELECTED."
"Pokemon Elite Redux","Elite-Redux/er-config","e32616fea6ccf5245096d8d7eeb54f0f5ac0b2a7","MOVE_TRIPLE_TREMOR","Triple Tremor","GROUND","Physical","20","90","10","EFFECT_TRIPLE_KICK","","contact;mirror-move-affected;striker","MoveList.textproto","explicitly reuses an existing animation","MOVE_TRIPLE_KICK","no repository license detected","mechanics require DS port; animation can reuse/adapt referenced DS move","Target: SELECTED."
"Pokemon Elite Redux","Elite-Redux/er-config","e32616fea6ccf5245096d8d7eeb54f0f5ac0b2a7","MOVE_FIRE_GLAIVE","Fire Glaive","FIRE","Physical","85","100","10","damage/status logic in source record","","contact;ignores-stat-stages;mirror-move-affected;horn","MoveList.textproto","explicitly reuses an existing animation","MOVE_FLARE_BLITZ","no repository license detected","mechanics require DS port; animation can reuse/adapt referenced DS move","Target: SELECTED."
"Pokemon Elite Redux","Elite-Redux/er-config","e32616fea6ccf5245096d8d7eeb54f0f5ac0b2a7","MOVE_DEPLETION_BEAM","Depletion Beam","DRAGON","Physical","85","100","10","EFFECT_EERIE_SPELL","","mirror-move-affected;mega-launcher;weather","MoveList.textproto","explicitly reuses an existing animation","MOVE_STEEL_BEAM","no repository license detected","mechanics require DS port; animation can reuse/adapt referenced DS move","Target: SELECTED."
"Pokemon Elite Redux","Elite-Redux/er-config","e32616fea6ccf5245096d8d7eeb54f0f5ac0b2a7","MOVE_ONE_INCH_PUNCH","One-Inch Punch","FIGHTING","Physical","90","","10","damage/status logic in source record","","contact;mirror-move-affected;iron-fist","MoveList.textproto","explicitly reuses an existing animation","MOVE_MEGA_PUNCH","no repository license detected","mechanics require DS port; animation can reuse/adapt referenced DS move","Target: SELECTED."
"Pokemon Elite Redux","Elite-Redux/er-config","e32616fea6ccf5245096d8d7eeb54f0f5ac0b2a7","MOVE_BERSERKER_HORN","Berserker Horn","FIGHTING","Physical","85","100","15","EFFECT_BLEED_HIT","effect chance 10%","contact;mirror-move-affected;horn;drill;effect-chance-10","MoveList.textproto","explicitly reuses an existing animation","MOVE_MEGAHORN","no repository license detected","mechanics require DS port; animation can reuse/adapt referenced DS move","Target: SELECTED."
"Pokemon Elite Redux","Elite-Redux/er-config","e32616fea6ccf5245096d8d7eeb54f0f5ac0b2a7","MOVE_ONI_FIST","Oni Fist","DARK","Physical","90","","20","damage/status logic in source record","","contact;mirror-move-affected;iron-fist","MoveList.textproto","explicitly reuses an existing animation","MOVE_SHADOW_PUNCH","no repository license detected","mechanics require DS port; animation can reuse/adapt referenced DS move","Target: SELECTED."
"Pokemon Elite Redux","Elite-Redux/er-config","e32616fea6ccf5245096d8d7eeb54f0f5ac0b2a7","MOVE_INSECT_IMPACT","Insect Impact","BUG","Physical","80","100","15","EFFECT_DEFENSE_DOWN_HIT","effect chance 30%","contact;mirror-move-affected;iron-fist;effect-chance-30","MoveList.textproto","explicitly reuses an existing animation","MOVE_DOUBLE_EDGE","no repository license detected","mechanics require DS port; animation can reuse/adapt referenced DS move","Target: SELECTED."
"Pokemon Elite Redux","Elite-Redux/er-config","e32616fea6ccf5245096d8d7eeb54f0f5ac0b2a7","MOVE_LIGHTNING_BULLET","Lightning Bullet","ELECTRIC","Physical","90","100","15","EFFECT_PARALYZE_HIT","effect chance 10%","contact;mirror-move-affected;mega-launcher;effect-chance-10","MoveList.textproto","explicitly reuses an existing animation","MOVE_ZAP_CANNON","no repository license detected","mechanics require DS port; animation can reuse/adapt referenced DS move","Target: SELECTED."
"Pokemon Elite Redux","Elite-Redux/er-config","e32616fea6ccf5245096d8d7eeb54f0f5ac0b2a7","MOVE_METALLIC_MELODY","Metallic Melody","STEEL","Special","85","100","10","damage/status logic in source record","","mirror-move-affected;sound","MoveList.textproto","explicitly reuses an existing animation","MOVE_BOOMBURST","no repository license detected","mechanics require DS port; animation can reuse/adapt referenced DS move","Target: BOTH."
"Pokemon Elite Redux","Elite-Redux/er-config","e32616fea6ccf5245096d8d7eeb54f0f5ac0b2a7","MOVE_BLUE_MOON","Blue Moon","ICE","Special","130","100","5","damage/status logic in source record","","every-other-turn;mirror-move-affected;lunar","MoveList.textproto","source explicitly sets no reused animation","MOVE_NONE","no repository license detected","mechanics require DS port; new/adapted DS animation required","Target: SELECTED."
"Pokemon Elite Redux","Elite-Redux/er-config","e32616fea6ccf5245096d8d7eeb54f0f5ac0b2a7","MOVE_FIVE_STAR_FURY","Five-Star Fury","BUG","Physical","15","100","10","EFFECT_MULTI_HIT","priority 1","contact;mirror-move-affected;iron-fist;priority-1","MoveList.textproto","source explicitly sets no reused animation","MOVE_NONE","no repository license detected","mechanics require DS port; new/adapted DS animation required","Target: SELECTED."
"Pokemon Elite Redux","Elite-Redux/er-config","e32616fea6ccf5245096d8d7eeb54f0f5ac0b2a7","MOVE_TSUNAMI_HAMMER","Tsunami Hammer","WATER","Physical","125","100","5","custom_behavior","","contact;every-other-turn;mirror-move-affected;hammer","MoveList.textproto","source explicitly sets no reused animation","MOVE_NONE","no repository license detected","mechanics require DS port; new/adapted DS animation required","Source record contains a custom_behavior block; detailed mechanics audit pending. Target: SELECTED."
"Pokemon Elite Redux","Elite-Redux/er-config","e32616fea6ccf5245096d8d7eeb54f0f5ac0b2a7","MOVE_SEPTIC_SWITCH","Septic Switch","POISON","Status","","100","20","EFFECT_SEPTIC_SWITCH","","mirror-move-affected","MoveList.textproto","animation linkage pending source-wide animation audit","","no repository license detected","mechanics require DS port; animation evidence pending","Target: SELECTED."
"Pokemon Elite Redux","Elite-Redux/er-config","e32616fea6ccf5245096d8d7eeb54f0f5ac0b2a7","MOVE_WATERLOG","Waterlog","WATER","Status","","100","15","EFFECT_WATERLOG","effect chance 20%; priority 3","mirror-move-affected;magic-coat-affected;effect-chance-20;priority-3","MoveList.textproto","explicitly reuses an existing animation","MOVE_WATER_GUN","no repository license detected","mechanics require DS port; animation can reuse/adapt referenced DS move","Target: SELECTED."
"Pokemon Elite Redux","Elite-Redux/er-config","e32616fea6ccf5245096d8d7eeb54f0f5ac0b2a7","MOVE_INCITE","Incite","DARK","Status","","100","10","EFFECT_THIRD_TYPE","","mirror-move-affected;magic-coat-affected","MoveList.textproto","source explicitly sets no reused animation","MOVE_NONE","no repository license detected","mechanics require DS port; new/adapted DS animation required","Target: SELECTED."
"Pokemon Elite Redux","Elite-Redux/er-config","e32616fea6ccf5245096d8d7eeb54f0f5ac0b2a7","MOVE_TOXIC_TERRAIN","Toxic Terrain","POISON","Status","","","10","EFFECT_TOXIC_TERRAIN","","","MoveList.textproto","source explicitly sets no reused animation","MOVE_NONE","no repository license detected","mechanics require DS port; new/adapted DS animation required","Target: ALL_BATTLERS."
"Pokemon Elite Redux","Elite-Redux/er-config","e32616fea6ccf5245096d8d7eeb54f0f5ac0b2a7","MOVE_JETSTREAM_BURST","Jetstream Burst","FLYING","Special","120","100","5","damage/status logic in source record","","mirror-move-affected","MoveList.textproto","source explicitly sets no reused animation","MOVE_NONE","no repository license detected","mechanics require DS port; new/adapted DS animation required","Target: BOTH."
"Pokemon Elite Redux","Elite-Redux/er-config","e32616fea6ccf5245096d8d7eeb54f0f5ac0b2a7","MOVE_SKY_QUAKE","Sky Quake","FLYING","Physical","90","100","15","damage/status logic in source record","","mirror-move-affected","MoveList.textproto","source explicitly sets no reused animation","MOVE_NONE","no repository license detected","mechanics require DS port; new/adapted DS animation required","Target: BOTH."
"Pokemon Elite Redux","Elite-Redux/er-config","e32616fea6ccf5245096d8d7eeb54f0f5ac0b2a7","MOVE_SUNSTRIKE","Sunstrike (N)","FIRE","Special","60","100","15","damage/status logic in source record","priority 1","mirror-move-affected;priority-1","MoveList.textproto","explicitly reuses an existing animation","MOVE_SUNSTEEL_STRIKE","no repository license detected","mechanics require DS port; animation can reuse/adapt referenced DS move","Target: SELECTED."
"Pokemon Elite Redux","Elite-Redux/er-config","e32616fea6ccf5245096d8d7eeb54f0f5ac0b2a7","MOVE_TEMPEST_STORM","Tempest Storm (N)","ELECTRIC","Status","","","5","damage/status logic in source record","","","MoveList.textproto","explicitly reuses an existing animation","MOVE_THUNDER","no repository license detected","mechanics require DS port; animation can reuse/adapt referenced DS move","Target: ALL_BATTLERS."
"Pokemon Elite Redux","Elite-Redux/er-config","e32616fea6ccf5245096d8d7eeb54f0f5ac0b2a7","MOVE_PRISM_BLAST","Prism Blast","ROCK","Special","95","90","5","custom_behavior","effect chance 10%","mirror-move-affected;mega-launcher;ballistic;effect-chance-10","MoveList.textproto","explicitly reuses an existing animation","MOVE_PRISMATIC_LASER","no repository license detected","mechanics require DS port; animation can reuse/adapt referenced DS move","Source record contains a custom_behavior block; detailed mechanics audit pending. Target: SELECTED."
"Pokemon Elite Redux","Elite-Redux/er-config","e32616fea6ccf5245096d8d7eeb54f0f5ac0b2a7","MOVE_SEISMIC_SLAM","Seismic Slam","GROUND","Physical","120","100","10","EFFECT_RECOIL_33","","contact;mirror-move-affected;reckless","MoveList.textproto","explicitly reuses an existing animation","MOVE_DOUBLE_EDGE","no repository license detected","mechanics require DS port; animation can reuse/adapt referenced DS move","Target: SELECTED."
"Pokemon Elite Redux","Elite-Redux/er-config","e32616fea6ccf5245096d8d7eeb54f0f5ac0b2a7","MOVE_CHILLER","Chiller","ICE","Physical","30","100","15","EFFECT_FROSTBITE_HIT","effect chance 10%","mirror-move-affected;throwing;effect-chance-10","MoveList.textproto","explicitly reuses an existing animation","MOVE_ICE_BALL","no repository license detected","mechanics require DS port; animation can reuse/adapt referenced DS move","Target: SELECTED."
"Pokemon Elite Redux","Elite-Redux/er-config","e32616fea6ccf5245096d8d7eeb54f0f5ac0b2a7","MOVE_SPREAD_BOMB","Spread Bomb","FIRE","Physical","90","100","10","EFFECT_BURN_HIT","effect chance 20%","mirror-move-affected;effect-chance-20","MoveList.textproto","explicitly reuses an existing animation","MOVE_EXPLOSION","no repository license detected","mechanics require DS port; animation can reuse/adapt referenced DS move","Target: FOES_AND_ALLY."
"Pokemon Elite Redux","Elite-Redux/er-config","e32616fea6ccf5245096d8d7eeb54f0f5ac0b2a7","MOVE_BALL_TOSS","Ball Toss","NORMAL","Physical","90","100","15","EFFECT_FLINCH_HIT","","mirror-move-affected;throwing","MoveList.textproto","explicitly reuses an existing animation","MOVE_BARRAGE","no repository license detected","mechanics require DS port; animation can reuse/adapt referenced DS move","Target: SELECTED."
"Pokemon Elite Redux","Elite-Redux/er-config","e32616fea6ccf5245096d8d7eeb54f0f5ac0b2a7","MOVE_PARTY_FAVORS","Party Favors","FAIRY","Physical","60","100","10","EFFECT_PARTY_FAVORS","","mirror-move-affected;throwing","MoveList.textproto","explicitly reuses an existing animation","MOVE_CELEBRATE","no repository license detected","mechanics require DS port; animation can reuse/adapt referenced DS move","Target: SELECTED."
"Pokemon Elite Redux","Elite-Redux/er-config","e32616fea6ccf5245096d8d7eeb54f0f5ac0b2a7","MOVE_SHOT_PUT","Shot Put","STEEL","Physical","85","100","15","EFFECT_SPEED_DOWN_HIT","","mirror-move-affected;throwing","MoveList.textproto","explicitly reuses an existing animation","MOVE_BARRAGE","no repository license detected","mechanics require DS port; animation can reuse/adapt referenced DS move","Target: SELECTED."
"Pokemon Elite Redux","Elite-Redux/er-config","e32616fea6ccf5245096d8d7eeb54f0f5ac0b2a7","MOVE_BLOCK_DROPPER","Block Dropper","GROUND","Physical","25","100","15","EFFECT_MULTI_HIT","","mirror-move-affected;throwing","MoveList.textproto","explicitly reuses an existing animation","MOVE_BARRAGE","no repository license detected","mechanics require DS port; animation can reuse/adapt referenced DS move","Target: SELECTED."
"Pokemon Elite Redux","Elite-Redux/er-config","e32616fea6ccf5245096d8d7eeb54f0f5ac0b2a7","MOVE_SABER_SLASHES","Saber Slashes","FIRE","Physical","35","100","10","EFFECT_DOUBLE_HIT","secondary type logic ELECTRIC","mirror-move-affected;keen-edge;dual-type-effect","MoveList.textproto","explicitly reuses an existing animation","MOVE_FIRE_LASH","no repository license detected","mechanics require DS port; animation can reuse/adapt referenced DS move","Target: SELECTED."
"Pokemon Elite Redux","Elite-Redux/er-config","e32616fea6ccf5245096d8d7eeb54f0f5ac0b2a7","MOVE_DRAGON_DASH","Dragon Dash","DRAGON","Physical","40","100","20","EFFECT_HIT","priority 1","mirror-move-affected;priority-1","MoveList.textproto","explicitly reuses an existing animation","MOVE_DRAGON_RUSH","no repository license detected","mechanics require DS port; animation can reuse/adapt referenced DS move","Target: SELECTED."
"Pokemon Elite Redux","Elite-Redux/er-config","e32616fea6ccf5245096d8d7eeb54f0f5ac0b2a7","MOVE_POCKET_SAND","Pocket Sand","GROUND","Physical","40","100","20","EFFECT_ACCURACY_DOWN_HIT","effect chance 10%; priority 1","mirror-move-affected;throwing;effect-chance-10;priority-1","MoveList.textproto","explicitly reuses an existing animation","MOVE_SAND_ATTACK","no repository license detected","mechanics require DS port; animation can reuse/adapt referenced DS move","Target: SELECTED."
"Pokemon Elite Redux","Elite-Redux/er-config","e32616fea6ccf5245096d8d7eeb54f0f5ac0b2a7","MOVE_CONCOCTION","Concoction","GRASS","Physical","30","100","5","EFFECT_CONCOCTION","","mirror-move-affected","MoveList.textproto","explicitly reuses an existing animation","MOVE_CELEBRATE","no repository license detected","mechanics require DS port; animation can reuse/adapt referenced DS move","Target: SELECTED."
"Pokemon Elite Redux","Elite-Redux/er-config","e32616fea6ccf5245096d8d7eeb54f0f5ac0b2a7","MOVE_UNSCREW","Hacksaw","STEEL","Physical","80","100","15","custom_behavior","","mirror-move-affected","MoveList.textproto","explicitly reuses an existing animation","MOVE_DISCHARGE","no repository license detected","mechanics require DS port; animation can reuse/adapt referenced DS move","Source record contains a custom_behavior block; detailed mechanics audit pending. Target: SELECTED."
"Pokemon Elite Redux","Elite-Redux/er-config","e32616fea6ccf5245096d8d7eeb54f0f5ac0b2a7","MOVE_GODSPEED","Godspeed","FLYING","Physical","65","","5","EFFECT_HIT","priority 2","mirror-move-affected;air;priority-2","MoveList.textproto","explicitly reuses an existing animation","MOVE_BRAVE_BIRD","no repository license detected","mechanics require DS port; animation can reuse/adapt referenced DS move","Target: SELECTED."
"Pokemon Elite Redux","Elite-Redux/er-config","e32616fea6ccf5245096d8d7eeb54f0f5ac0b2a7","MOVE_PSYCHO_WAVE","Psycho Wave","PSYCHIC","Special","150","85","5","EFFECT_RECOIL_50","","mirror-move-affected;reckless","MoveList.textproto","explicitly reuses an existing animation","MOVE_PSYCHO_BOOST","no repository license detected","mechanics require DS port; animation can reuse/adapt referenced DS move","Target: SELECTED."
"Pokemon Elite Redux","Elite-Redux/er-config","e32616fea6ccf5245096d8d7eeb54f0f5ac0b2a7","MOVE_ATOMIC_FIRE","Atomic Fire","FIRE","Special","120","100","10","EFFECT_RECOIL_33","","mirror-move-affected;reckless","MoveList.textproto","explicitly reuses an existing animation","MOVE_FIRE_BLAST","no repository license detected","mechanics require DS port; animation can reuse/adapt referenced DS move","Target: SELECTED."
"Pokemon Elite Redux","Elite-Redux/er-config","e32616fea6ccf5245096d8d7eeb54f0f5ac0b2a7","MOVE_RAIN_FLUSH","Rain Flush","WATER","Special","120","100","5","EFFECT_CLOSE_COMBAT","effect chance 100%","mirror-move-affected;effect-chance-100","MoveList.textproto","explicitly reuses an existing animation","MOVE_RAIN_DANCE","no repository license detected","mechanics require DS port; animation can reuse/adapt referenced DS move","Target: SELECTED."
"Pokemon Elite Redux","Elite-Redux/er-config","e32616fea6ccf5245096d8d7eeb54f0f5ac0b2a7","MOVE_ICE_WALL","Ice Wall","ICE","Physical","70","100","5","EFFECT_BADDY_BAD","","mirror-move-affected","MoveList.textproto","explicitly reuses an existing animation","MOVE_BARRIER","no repository license detected","mechanics require DS port; animation can reuse/adapt referenced DS move","Target: SELECTED."
"Pokemon Elite Redux","Elite-Redux/er-config","e32616fea6ccf5245096d8d7eeb54f0f5ac0b2a7","MOVE_OBSCURED_SHOT","Obscured Shot","DARK","Special","70","100","5","EFFECT_SUCKER_PUNCH","priority 1","contact;mirror-move-affected;priority-1","MoveList.textproto","animation linkage pending source-wide animation audit","","no repository license detected","mechanics require DS port; animation evidence pending","Target: SELECTED."
"Pokemon Elite Redux","Elite-Redux/er-config","e32616fea6ccf5245096d8d7eeb54f0f5ac0b2a7","MOVE_BLITZ_ARROW","Blitz Arrow","FIGHTING","Physical","85","100","10","EFFECT_FLINCH_HIT","effect chance 20%","mirror-move-affected;arrow;effect-chance-20","MoveList.textproto","animation linkage pending source-wide animation audit","","no repository license detected","mechanics require DS port; animation evidence pending","Target: SELECTED."
"Pokemon Elite Redux","Elite-Redux/er-config","e32616fea6ccf5245096d8d7eeb54f0f5ac0b2a7","MOVE_RUMBLE_KICK","Rumble Kick","ROCK","Physical","90","100","15","EFFECT_ATTACK_DOWN_HIT","effect chance 30%","contact;mirror-move-affected;striker;effect-chance-30","MoveList.textproto","explicitly reuses an existing animation","MOVE_MEGA_KICK","no repository license detected","mechanics require DS port; animation can reuse/adapt referenced DS move","Target: SELECTED."
