"move_id","move_name","type","category","ds_animation_class","ds_animation_path","ds_move_id","port_action","notes"
"MOVE_SMITE","Smite","Electric","Physical","direct hg-engine DS reuse assigned","animations/hg-engine/gen5/553.s","553","Use Bolt Strike (MOVE_BOLT_STRIKE) as the runnable DS baseline while preserving the original Elite Redux GBA animation reference for later recreation.","DS fallback chosen for the same high-impact physical Electric identity and strong overhead lightning feel. The earlier source animation evidence remains authoritative for a future custom port."
"MOVE_SHOCKING_JAB","Shocking Jab","Electric","Physical","direct hg-engine DS reuse assigned","animations/hg-engine/gen7/724.s","724","Use Plasma Fists (MOVE_PLASMA_FISTS) as the runnable DS baseline while preserving the original Elite Redux projectile reference for later recreation.","DS fallback chosen for a close-range physical Electric strike. The earlier source animation evidence remains authoritative for a future custom port."
"SLIMESHOT","Slime Shot","Ground","Special","direct hg-engine DS reuse assigned","animations/hg-engine/gen8/818.s","818","Use Scorching Sands (MOVE_SCORCHING_SANDS) as the runnable DS baseline while preserving Untamed's mapped animation IDs for later recreation.","Ground-type special projectile baseline. Untamed's player/opponent animation mapping remains preserved in the earlier manifest."
"PSYSONIC","Psysonic","Psychic","Special","direct hg-engine DS reuse assigned","animations/hg-engine/gen9/920.s","920","Use Psychic Noise (MOVE_PSYCHIC_NOISE) as the runnable DS baseline while preserving Untamed's mapped animation IDs for later recreation.","Very close thematic match for a Psychic sonic attack; source mapping remains preserved for future custom conversion."
"JOLTKICK","Jolt Kick","Electric","Physical","direct hg-engine DS reuse assigned","animations/hg-engine/gen7/719.s","719","Use Zing Zap (MOVE_ZING_ZAP) as the runnable DS baseline while preserving Untamed's mapped animation ID for later recreation.","Fast physical Electric impact baseline; source mapping remains preserved for future custom conversion."
"HAUNT","Haunt","Ghost","Physical","direct hg-engine DS reuse assigned","animations/hg-engine/gen6/569.s","569","Use Phantom Force (MOVE_PHANTOM_FORCE) as the runnable DS baseline while preserving Untamed's mapped animation IDs for later recreation.","Ghostly physical disappearance/strike baseline; source mapping remains preserved for future custom conversion."
"CHILLINGWAIL","Chilling Wail","Ghost","Special","direct hg-engine DS reuse assigned","animations/hg-engine/gen8/844.s","844","Use Bitter Malice (MOVE_BITTER_MALICE) as the runnable DS baseline while preserving Untamed's mapped animation ID for later recreation.","Ghost special visual with a cold, eerie feel; source mapping remains preserved for future custom conversion."
"MYSTICBLADE","Mystic Blade","Fairy","Physical","direct hg-engine DS reuse assigned","animations/hg-engine/gen8/792.s","792","Use Spirit Break (MOVE_SPIRIT_BREAK) as the runnable DS baseline while preserving Untamed's mapped animation IDs for later recreation.","Fairy physical impact baseline; source mapping remains preserved for future custom conversion."
"FORGEBREATH","Forge Breath","Steel","Special","direct hg-engine DS reuse assigned","animations/hg-engine/gen8/799.s","799","Use Steel Beam (MOVE_STEEL_BEAM) as the runnable DS baseline while preserving Untamed's mapped animation ID for later recreation.","Strong Steel special projection baseline; source mapping remains preserved for future custom conversion."
"SWEETTOOTH","Sweet Tooth","Fairy","Physical","direct hg-engine DS reuse assigned","animations/hg-engine/gen8/749.s","749","Use Jaw Lock (MOVE_JAW_LOCK) as the runnable DS baseline while preserving Untamed's mapped animation ID for later recreation.","Bite/jaw motion is a closer visual match than a generic Fairy strike; source mapping remains preserved for future custom conversion."
"CRIMSONSURGE","Crimson Surge","Water","Special","direct hg-engine DS reuse assigned","animations/hg-engine/gen6/621.s","621","Use Origin Pulse (MOVE_ORIGIN_PULSE) as the runnable DS baseline while preserving Untamed's mapped animation IDs for later recreation.","Large Water surge/pulse baseline; source mapping remains preserved for future custom conversion."
"HARDDRIVECRASH","Hard Drive Crash","Qmarks","Special","direct hg-engine DS reuse assigned","animations/hg-engine/gen5/549.s","549","Use Techno Blast (MOVE_TECHNO_BLAST) as the runnable DS baseline while preserving Untamed's mapped animation ID for later recreation.","Digital/technology-themed special attack baseline; source mapping remains preserved for future custom conversion."
