move_id,move_constant,generation,effect_id,effect_constant,effect_script,upstream_flag_unimplemented,source_commit
471,MOVE_HONE_CLAWS,Gen 5,277,MOVE_EFFECT_ATK_ACC_UP,mechanics/hg-engine/effects/effect_script_0277_*.s,no,398a3020943f1ae98987e5b12b73d9086bbba3ce
472,MOVE_WIDE_GUARD,Gen 5,371,MOVE_EFFECT_PROTECT_USER_SIDE,mechanics/hg-engine/effects/effect_script_0371_*.s,no,398a3020943f1ae98987e5b12b73d9086bbba3ce
473,MOVE_GUARD_SPLIT,Gen 5,278,MOVE_EFFECT_GUARD_SPLIT,mechanics/hg-engine/effects/effect_script_0278_*.s,no,398a3020943f1ae98987e5b12b73d9086bbba3ce
474,MOVE_POWER_SPLIT,Gen 5,279,MOVE_EFFECT_POWER_SPLIT,mechanics/hg-engine/effects/effect_script_0279_*.s,no,398a3020943f1ae98987e5b12b73d9086bbba3ce
475,MOVE_WONDER_ROOM,Gen 5,0,MOVE_EFFECT_HIT,mechanics/hg-engine/effects/effect_script_0000_*.s,yes,398a3020943f1ae98987e5b12b73d9086bbba3ce
476,MOVE_PSYSHOCK,Gen 5,0,MOVE_EFFECT_HIT,mechanics/hg-engine/effects/effect_script_0000_*.s,no,398a3020943f1ae98987e5b12b73d9086bbba3ce
477,MOVE_VENOSHOCK,Gen 5,280,MOVE_EFFECT_DOUBLE_POWER_ON_POISONED,mechanics/hg-engine/effects/effect_script_0280_*.s,no,398a3020943f1ae98987e5b12b73d9086bbba3ce
478,MOVE_AUTOTOMIZE,Gen 5,281,MOVE_EFFECT_AUTOTOMIZE,mechanics/hg-engine/effects/effect_script_0281_*.s,no,398a3020943f1ae98987e5b12b73d9086bbba3ce
479,MOVE_RAGE_POWDER,Gen 5,172,MOVE_EFFECT_MAKE_GLOBAL_TARGET,mechanics/hg-engine/effects/effect_script_0172_*.s,no,398a3020943f1ae98987e5b12b73d9086bbba3ce
480,MOVE_TELEKINESIS,Gen 5,0,MOVE_EFFECT_HIT,mechanics/hg-engine/effects/effect_script_0000_*.s,yes,398a3020943f1ae98987e5b12b73d9086bbba3ce
481,MOVE_MAGIC_ROOM,Gen 5,407,MOVE_EFFECT_MAGIC_ROOM,mechanics/hg-engine/effects/effect_script_0407_*.s,yes,398a3020943f1ae98987e5b12b73d9086bbba3ce
482,MOVE_SMACK_DOWN,Gen 5,406,MOVE_EFFECT_SMACK_DOWN,mechanics/hg-engine/effects/effect_script_0406_*.s,no,398a3020943f1ae98987e5b12b73d9086bbba3ce
483,MOVE_STORM_THROW,Gen 5,282,MOVE_EFFECT_ALWAYS_CRITICAL,mechanics/hg-engine/effects/effect_script_0282_*.s,no,398a3020943f1ae98987e5b12b73d9086bbba3ce
484,MOVE_FLAME_BURST,Gen 5,0,MOVE_EFFECT_HIT,mechanics/hg-engine/effects/effect_script_0000_*.s,no,398a3020943f1ae98987e5b12b73d9086bbba3ce
485,MOVE_SLUDGE_WAVE,Gen 5,2,MOVE_EFFECT_POISON_HIT,mechanics/hg-engine/effects/effect_script_0002_*.s,no,398a3020943f1ae98987e5b12b73d9086bbba3ce
486,MOVE_QUIVER_DANCE,Gen 5,283,MOVE_EFFECT_SP_ATK_SP_DEF_SPEED_UP,mechanics/hg-engine/effects/effect_script_0283_*.s,no,398a3020943f1ae98987e5b12b73d9086bbba3ce
487,MOVE_HEAVY_SLAM,Gen 5,292,MOVE_EFFECT_HEAVY_SLAM,mechanics/hg-engine/effects/effect_script_0292_*.s,no,398a3020943f1ae98987e5b12b73d9086bbba3ce
488,MOVE_SYNCHRONOISE,Gen 5,0,MOVE_EFFECT_HIT,mechanics/hg-engine/effects/effect_script_0000_*.s,yes,398a3020943f1ae98987e5b12b73d9086bbba3ce
489,MOVE_ELECTRO_BALL,Gen 5,0,MOVE_EFFECT_HIT,mechanics/hg-engine/effects/effect_script_0000_*.s,no,398a3020943f1ae98987e5b12b73d9086bbba3ce
490,MOVE_SOAK,Gen 5,284,MOVE_EFFECT_CHANGE_TO_WATER_TYPE,mechanics/hg-engine/effects/effect_script_0284_*.s,no,398a3020943f1ae98987e5b12b73d9086bbba3ce
491,MOVE_FLAME_CHARGE,Gen 5,285,MOVE_EFFECT_RAISE_SPEED_HIT,mechanics/hg-engine/effects/effect_script_0285_*.s,no,398a3020943f1ae98987e5b12b73d9086bbba3ce
492,MOVE_COIL,Gen 5,286,MOVE_EFFECT_ATK_DEF_ACC_UP,mechanics/hg-engine/effects/effect_script_0286_*.s,no,398a3020943f1ae98987e5b12b73d9086bbba3ce
493,MOVE_LOW_SWEEP,Gen 5,70,MOVE_EFFECT_LOWER_SPEED_HIT,mechanics/hg-engine/effects/effect_script_0070_*.s,no,398a3020943f1ae98987e5b12b73d9086bbba3ce
494,MOVE_ACID_SPRAY,Gen 5,271,MOVE_EFFECT_LOWER_SP_DEF_2_HIT,mechanics/hg-engine/effects/effect_script_0271_*.s,no,398a3020943f1ae98987e5b12b73d9086bbba3ce
495,MOVE_FOUL_PLAY,Gen 5,0,MOVE_EFFECT_HIT,mechanics/hg-engine/effects/effect_script_0000_*.s,no,398a3020943f1ae98987e5b12b73d9086bbba3ce
496,MOVE_SIMPLE_BEAM,Gen 5,323,MOVE_EFFECT_SET_ABILITY_TO_SIMPLE,mechanics/hg-engine/effects/effect_script_0323_*.s,no,398a3020943f1ae98987e5b12b73d9086bbba3ce
497,MOVE_ENTRAINMENT,Gen 5,384,MOVE_EFFECT_ENTRAINMENT,mechanics/hg-engine/effects/effect_script_0384_*.s,no,398a3020943f1ae98987e5b12b73d9086bbba3ce
498,MOVE_AFTER_YOU,Gen 5,305,MOVE_EFFECT_AFTER_YOU,mechanics/hg-engine/effects/effect_script_0305_*.s,no,398a3020943f1ae98987e5b12b73d9086bbba3ce
499,MOVE_ROUND,Gen 5,0,MOVE_EFFECT_HIT,mechanics/hg-engine/effects/effect_script_0000_*.s,yes,398a3020943f1ae98987e5b12b73d9086bbba3ce
500,MOVE_ECHOED_VOICE,Gen 5,0,MOVE_EFFECT_HIT,mechanics/hg-engine/effects/effect_script_0000_*.s,yes,398a3020943f1ae98987e5b12b73d9086bbba3ce
501,MOVE_CHIP_AWAY,Gen 5,0,MOVE_EFFECT_HIT,mechanics/hg-engine/effects/effect_script_0000_*.s,no,398a3020943f1ae98987e5b12b73d9086bbba3ce
502,MOVE_CLEAR_SMOG,Gen 5,390,MOVE_EFFECT_CLEAR_SMOG,mechanics/hg-engine/effects/effect_script_0390_*.s,no,398a3020943f1ae98987e5b12b73d9086bbba3ce
503,MOVE_STORED_POWER,Gen 5,0,MOVE_EFFECT_HIT,mechanics/hg-engine/effects/effect_script_0000_*.s,no,398a3020943f1ae98987e5b12b73d9086bbba3ce
504,MOVE_QUICK_GUARD,Gen 5,371,MOVE_EFFECT_PROTECT_USER_SIDE,mechanics/hg-engine/effects/effect_script_0371_*.s,no,398a3020943f1ae98987e5b12b73d9086bbba3ce
505,MOVE_ALLY_SWITCH,Gen 5,0,MOVE_EFFECT_HIT,mechanics/hg-engine/effects/effect_script_0000_*.s,yes,398a3020943f1ae98987e5b12b73d9086bbba3ce
506,MOVE_SCALD,Gen 5,125,MOVE_EFFECT_THAW_AND_BURN_HIT,mechanics/hg-engine/effects/effect_script_0125_*.s,no,398a3020943f1ae98987e5b12b73d9086bbba3ce
507,MOVE_SHELL_SMASH,Gen 5,290,MOVE_EFFECT_ATK_SP_ATK_SPEED_UP_2_DEF_SP_DEF_DOWN,mechanics/hg-engine/effects/effect_script_0290_*.s,no,398a3020943f1ae98987e5b12b73d9086bbba3ce
508,MOVE_HEAL_PULSE,Gen 5,379,MOVE_EFFECT_HEAL_TARGET,mechanics/hg-engine/effects/effect_script_0379_*.s,no,398a3020943f1ae98987e5b12b73d9086bbba3ce
509,MOVE_HEX,Gen 5,287,MOVE_EFFECT_DOUBLE_DAMAGE_ON_STATUS,mechanics/hg-engine/effects/effect_script_0287_*.s,no,398a3020943f1ae98987e5b12b73d9086bbba3ce
510,MOVE_SKY_DROP,Gen 5,0,MOVE_EFFECT_HIT,mechanics/hg-engine/effects/effect_script_0000_*.s,yes,398a3020943f1ae98987e5b12b73d9086bbba3ce
511,MOVE_SHIFT_GEAR,Gen 5,288,MOVE_EFFECT_SPEED_UP_2_ATK_UP,mechanics/hg-engine/effects/effect_script_0288_*.s,no,398a3020943f1ae98987e5b12b73d9086bbba3ce
512,MOVE_CIRCLE_THROW,Gen 5,395,MOVE_EFFECT_FORCE_SWITCH_HIT,mechanics/hg-engine/effects/effect_script_0395_*.s,no,398a3020943f1ae98987e5b12b73d9086bbba3ce
513,MOVE_INCINERATE,Gen 5,372,MOVE_EFFECT_INCINERATE,mechanics/hg-engine/effects/effect_script_0372_*.s,no,398a3020943f1ae98987e5b12b73d9086bbba3ce
514,MOVE_QUASH,Gen 5,306,MOVE_EFFECT_QUASH,mechanics/hg-engine/effects/effect_script_0306_*.s,no,398a3020943f1ae98987e5b12b73d9086bbba3ce
515,MOVE_ACROBATICS,Gen 5,289,MOVE_EFFECT_DOUBLE_POWER_WITHOUT_ITEM,mechanics/hg-engine/effects/effect_script_0289_*.s,no,398a3020943f1ae98987e5b12b73d9086bbba3ce
516,MOVE_REFLECT_TYPE,Gen 5,0,MOVE_EFFECT_HIT,mechanics/hg-engine/effects/effect_script_0000_*.s,yes,398a3020943f1ae98987e5b12b73d9086bbba3ce
517,MOVE_RETALIATE,Gen 5,0,MOVE_EFFECT_HIT,mechanics/hg-engine/effects/effect_script_0000_*.s,no,398a3020943f1ae98987e5b12b73d9086bbba3ce
518,MOVE_FINAL_GAMBIT,Gen 5,402,MOVE_EFFECT_FINAL_GAMBIT,mechanics/hg-engine/effects/effect_script_0402_*.s,no,398a3020943f1ae98987e5b12b73d9086bbba3ce
519,MOVE_BESTOW,Gen 5,404,MOVE_EFFECT_GIVE_HELD_ITEM,mechanics/hg-engine/effects/effect_script_0404_*.s,no,398a3020943f1ae98987e5b12b73d9086bbba3ce
520,MOVE_INFERNO,Gen 5,4,MOVE_EFFECT_BURN_HIT,mechanics/hg-engine/effects/effect_script_0004_*.s,no,398a3020943f1ae98987e5b12b73d9086bbba3ce
521,MOVE_WATER_PLEDGE,Gen 5,0,MOVE_EFFECT_HIT,mechanics/hg-engine/effects/effect_script_0000_*.s,yes,398a3020943f1ae98987e5b12b73d9086bbba3ce
522,MOVE_FIRE_PLEDGE,Gen 5,0,MOVE_EFFECT_HIT,mechanics/hg-engine/effects/effect_script_0000_*.s,yes,398a3020943f1ae98987e5b12b73d9086bbba3ce
523,MOVE_GRASS_PLEDGE,Gen 5,0,MOVE_EFFECT_HIT,mechanics/hg-engine/effects/effect_script_0000_*.s,yes,398a3020943f1ae98987e5b12b73d9086bbba3ce
524,MOVE_VOLT_SWITCH,Gen 5,228,MOVE_EFFECT_SWITCH_HIT,mechanics/hg-engine/effects/effect_script_0228_*.s,no,398a3020943f1ae98987e5b12b73d9086bbba3ce
525,MOVE_STRUGGLE_BUG,Gen 5,71,MOVE_EFFECT_LOWER_SP_ATK_HIT,mechanics/hg-engine/effects/effect_script_0071_*.s,no,398a3020943f1ae98987e5b12b73d9086bbba3ce
526,MOVE_BULLDOZE,Gen 5,70,MOVE_EFFECT_LOWER_SPEED_HIT,mechanics/hg-engine/effects/effect_script_0070_*.s,no,398a3020943f1ae98987e5b12b73d9086bbba3ce
527,MOVE_FROST_BREATH,Gen 5,282,MOVE_EFFECT_ALWAYS_CRITICAL,mechanics/hg-engine/effects/effect_script_0282_*.s,no,398a3020943f1ae98987e5b12b73d9086bbba3ce
528,MOVE_DRAGON_TAIL,Gen 5,395,MOVE_EFFECT_FORCE_SWITCH_HIT,mechanics/hg-engine/effects/effect_script_0395_*.s,no,398a3020943f1ae98987e5b12b73d9086bbba3ce
529,MOVE_WORK_UP,Gen 5,295,MOVE_EFFECT_ATK_SP_ATK_UP,mechanics/hg-engine/effects/effect_script_0295_*.s,no,398a3020943f1ae98987e5b12b73d9086bbba3ce
530,MOVE_ELECTROWEB,Gen 5,70,MOVE_EFFECT_LOWER_SPEED_HIT,mechanics/hg-engine/effects/effect_script_0070_*.s,no,398a3020943f1ae98987e5b12b73d9086bbba3ce
531,MOVE_WILD_CHARGE,Gen 5,198,MOVE_EFFECT_RECOIL_THIRD,mechanics/hg-engine/effects/effect_script_0198_*.s,no,398a3020943f1ae98987e5b12b73d9086bbba3ce
532,MOVE_DRILL_RUN,Gen 5,43,MOVE_EFFECT_HIGH_CRITICAL,mechanics/hg-engine/effects/effect_script_0043_*.s,no,398a3020943f1ae98987e5b12b73d9086bbba3ce
533,MOVE_DUAL_CHOP,Gen 5,44,MOVE_EFFECT_HIT_TWICE,mechanics/hg-engine/effects/effect_script_0044_*.s,no,398a3020943f1ae98987e5b12b73d9086bbba3ce
534,MOVE_HEART_STAMP,Gen 5,31,MOVE_EFFECT_FLINCH_HIT,mechanics/hg-engine/effects/effect_script_0031_*.s,no,398a3020943f1ae98987e5b12b73d9086bbba3ce
535,MOVE_HORN_LEECH,Gen 5,3,MOVE_EFFECT_RECOVER_HALF_DAMAGE_DEALT,mechanics/hg-engine/effects/effect_script_0003_*.s,no,398a3020943f1ae98987e5b12b73d9086bbba3ce
536,MOVE_SACRED_SWORD,Gen 5,0,MOVE_EFFECT_HIT,mechanics/hg-engine/effects/effect_script_0000_*.s,no,398a3020943f1ae98987e5b12b73d9086bbba3ce
537,MOVE_RAZOR_SHELL,Gen 5,69,MOVE_EFFECT_LOWER_DEFENSE_HIT,mechanics/hg-engine/effects/effect_script_0069_*.s,no,398a3020943f1ae98987e5b12b73d9086bbba3ce
538,MOVE_HEAT_CRASH,Gen 5,292,MOVE_EFFECT_HEAVY_SLAM,mechanics/hg-engine/effects/effect_script_0292_*.s,no,398a3020943f1ae98987e5b12b73d9086bbba3ce
539,MOVE_LEAF_TORNADO,Gen 5,73,MOVE_EFFECT_LOWER_ACCURACY_HIT,mechanics/hg-engine/effects/effect_script_0073_*.s,no,398a3020943f1ae98987e5b12b73d9086bbba3ce
540,MOVE_STEAMROLLER,Gen 5,150,MOVE_EFFECT_FLINCH_MINIMIZE_DOUBLE_HIT,mechanics/hg-engine/effects/effect_script_0150_*.s,no,398a3020943f1ae98987e5b12b73d9086bbba3ce
541,MOVE_COTTON_GUARD,Gen 5,328,MOVE_EFFECT_DEF_UP_3,mechanics/hg-engine/effects/effect_script_0328_*.s,no,398a3020943f1ae98987e5b12b73d9086bbba3ce
542,MOVE_NIGHT_DAZE,Gen 5,73,MOVE_EFFECT_LOWER_ACCURACY_HIT,mechanics/hg-engine/effects/effect_script_0073_*.s,no,398a3020943f1ae98987e5b12b73d9086bbba3ce
543,MOVE_PSYSTRIKE,Gen 5,0,MOVE_EFFECT_HIT,mechanics/hg-engine/effects/effect_script_0000_*.s,no,398a3020943f1ae98987e5b12b73d9086bbba3ce
544,MOVE_TAIL_SLAP,Gen 5,29,MOVE_EFFECT_MULTI_HIT,mechanics/hg-engine/effects/effect_script_0029_*.s,no,398a3020943f1ae98987e5b12b73d9086bbba3ce
545,MOVE_HURRICANE,Gen 5,341,MOVE_EFFECT_HURRICANE,mechanics/hg-engine/effects/effect_script_0341_*.s,no,398a3020943f1ae98987e5b12b73d9086bbba3ce
546,MOVE_HEAD_CHARGE,Gen 5,198,MOVE_EFFECT_RECOIL_THIRD,mechanics/hg-engine/effects/effect_script_0198_*.s,no,398a3020943f1ae98987e5b12b73d9086bbba3ce
547,MOVE_GEAR_GRIND,Gen 5,44,MOVE_EFFECT_HIT_TWICE,mechanics/hg-engine/effects/effect_script_0044_*.s,no,398a3020943f1ae98987e5b12b73d9086bbba3ce
548,MOVE_SEARING_SHOT,Gen 5,4,MOVE_EFFECT_BURN_HIT,mechanics/hg-engine/effects/effect_script_0004_*.s,no,398a3020943f1ae98987e5b12b73d9086bbba3ce
549,MOVE_TECHNO_BLAST,Gen 5,307,MOVE_EFFECT_TECHNO_BLAST,mechanics/hg-engine/effects/effect_script_0307_*.s,no,398a3020943f1ae98987e5b12b73d9086bbba3ce
550,MOVE_RELIC_SONG,Gen 5,301,MOVE_EFFECT_SLEEP_HIT,mechanics/hg-engine/effects/effect_script_0301_*.s,no,398a3020943f1ae98987e5b12b73d9086bbba3ce
551,MOVE_SECRET_SWORD,Gen 5,0,MOVE_EFFECT_HIT,mechanics/hg-engine/effects/effect_script_0000_*.s,no,398a3020943f1ae98987e5b12b73d9086bbba3ce
552,MOVE_GLACIATE,Gen 5,70,MOVE_EFFECT_LOWER_SPEED_HIT,mechanics/hg-engine/effects/effect_script_0070_*.s,no,398a3020943f1ae98987e5b12b73d9086bbba3ce
553,MOVE_BOLT_STRIKE,Gen 5,6,MOVE_EFFECT_PARALYZE_HIT,mechanics/hg-engine/effects/effect_script_0006_*.s,no,398a3020943f1ae98987e5b12b73d9086bbba3ce
554,MOVE_BLUE_FLARE,Gen 5,4,MOVE_EFFECT_BURN_HIT,mechanics/hg-engine/effects/effect_script_0004_*.s,no,398a3020943f1ae98987e5b12b73d9086bbba3ce
555,MOVE_FIERY_DANCE,Gen 5,276,MOVE_EFFECT_RAISE_SP_ATK_HIT,mechanics/hg-engine/effects/effect_script_0276_*.s,no,398a3020943f1ae98987e5b12b73d9086bbba3ce
556,MOVE_FREEZE_SHOCK,Gen 5,363,MOVE_EFFECT_CHARGE_TURN_PARALYZE_HIT,mechanics/hg-engine/effects/effect_script_0363_*.s,no,398a3020943f1ae98987e5b12b73d9086bbba3ce
557,MOVE_ICE_BURN,Gen 5,364,MOVE_EFFECT_CHARGE_TURN_BURN_HIT,mechanics/hg-engine/effects/effect_script_0364_*.s,no,398a3020943f1ae98987e5b12b73d9086bbba3ce
558,MOVE_SNARL,Gen 5,71,MOVE_EFFECT_LOWER_SP_ATK_HIT,mechanics/hg-engine/effects/effect_script_0071_*.s,no,398a3020943f1ae98987e5b12b73d9086bbba3ce
559,MOVE_ICICLE_CRASH,Gen 5,31,MOVE_EFFECT_FLINCH_HIT,mechanics/hg-engine/effects/effect_script_0031_*.s,no,398a3020943f1ae98987e5b12b73d9086bbba3ce
560,MOVE_V_CREATE,Gen 5,291,MOVE_EFFECT_USER_DEF_SP_DEF_SPEED_DOWN_HIT,mechanics/hg-engine/effects/effect_script_0291_*.s,no,398a3020943f1ae98987e5b12b73d9086bbba3ce
561,MOVE_FUSION_FLARE,Gen 5,0,MOVE_EFFECT_HIT,mechanics/hg-engine/effects/effect_script_0000_*.s,yes,398a3020943f1ae98987e5b12b73d9086bbba3ce
562,MOVE_FUSION_BOLT,Gen 5,0,MOVE_EFFECT_HIT,mechanics/hg-engine/effects/effect_script_0000_*.s,yes,398a3020943f1ae98987e5b12b73d9086bbba3ce
563,MOVE_FLYING_PRESS,Gen 6,0,MOVE_EFFECT_HIT,mechanics/hg-engine/effects/effect_script_0000_*.s,no,398a3020943f1ae98987e5b12b73d9086bbba3ce
564,MOVE_MAT_BLOCK,Gen 6,371,MOVE_EFFECT_PROTECT_USER_SIDE,mechanics/hg-engine/effects/effect_script_0371_*.s,no,398a3020943f1ae98987e5b12b73d9086bbba3ce
565,MOVE_BELCH,Gen 6,396,MOVE_EFFECT_BELCH,mechanics/hg-engine/effects/effect_script_0396_*.s,no,398a3020943f1ae98987e5b12b73d9086bbba3ce
566,MOVE_ROTOTILLER,Gen 6,0,MOVE_EFFECT_HIT,mechanics/hg-engine/effects/effect_script_0000_*.s,yes,398a3020943f1ae98987e5b12b73d9086bbba3ce
567,MOVE_STICKY_WEB,Gen 6,326,MOVE_EFFECT_STICKY_WEB,mechanics/hg-engine/effects/effect_script_0326_*.s,no,398a3020943f1ae98987e5b12b73d9086bbba3ce
568,MOVE_FELL_STINGER,Gen 6,388,MOVE_EFFECT_FELL_STINGER,mechanics/hg-engine/effects/effect_script_0388_*.s,no,398a3020943f1ae98987e5b12b73d9086bbba3ce
569,MOVE_PHANTOM_FORCE,Gen 6,272,MOVE_EFFECT_SHADOW_FORCE,mechanics/hg-engine/effects/effect_script_0272_*.s,no,398a3020943f1ae98987e5b12b73d9086bbba3ce
570,MOVE_TRICK_OR_TREAT,Gen 6,375,MOVE_EFFECT_ADD_TYPE_GHOST,mechanics/hg-engine/effects/effect_script_0375_*.s,no,398a3020943f1ae98987e5b12b73d9086bbba3ce
571,MOVE_NOBLE_ROAR,Gen 6,362,MOVE_EFFECT_ATK_SP_ATK_DOWN,mechanics/hg-engine/effects/effect_script_0362_*.s,no,398a3020943f1ae98987e5b12b73d9086bbba3ce
572,MOVE_ION_DELUGE,Gen 6,391,MOVE_EFFECT_ION_DELUGE,mechanics/hg-engine/effects/effect_script_0391_*.s,no,398a3020943f1ae98987e5b12b73d9086bbba3ce
573,MOVE_PARABOLIC_CHARGE,Gen 6,3,MOVE_EFFECT_RECOVER_HALF_DAMAGE_DEALT,mechanics/hg-engine/effects/effect_script_0003_*.s,no,398a3020943f1ae98987e5b12b73d9086bbba3ce
574,MOVE_FORESTS_CURSE,Gen 6,374,MOVE_EFFECT_ADD_TYPE_GRASS,mechanics/hg-engine/effects/effect_script_0374_*.s,no,398a3020943f1ae98987e5b12b73d9086bbba3ce
575,MOVE_PETAL_BLIZZARD,Gen 6,0,MOVE_EFFECT_HIT,mechanics/hg-engine/effects/effect_script_0000_*.s,no,398a3020943f1ae98987e5b12b73d9086bbba3ce
576,MOVE_FREEZE_DRY,Gen 6,5,MOVE_EFFECT_FREEZE_HIT,mechanics/hg-engine/effects/effect_script_0005_*.s,no,398a3020943f1ae98987e5b12b73d9086bbba3ce
577,MOVE_DISARMING_VOICE,Gen 6,17,MOVE_EFFECT_BYPASS_ACCURACY,mechanics/hg-engine/effects/effect_script_0017_*.s,no,398a3020943f1ae98987e5b12b73d9086bbba3ce
578,MOVE_PARTING_SHOT,Gen 6,389,MOVE_EFFECT_PARTING_SHOT,mechanics/hg-engine/effects/effect_script_0389_*.s,no,398a3020943f1ae98987e5b12b73d9086bbba3ce
579,MOVE_TOPSY_TURVY,Gen 6,0,MOVE_EFFECT_HIT,mechanics/hg-engine/effects/effect_script_0000_*.s,yes,398a3020943f1ae98987e5b12b73d9086bbba3ce
580,MOVE_DRAINING_KISS,Gen 6,347,MOVE_EFFECT_RECOVER_THREE_QUARTERS_DAMAGE_DEALT,mechanics/hg-engine/effects/effect_script_0347_*.s,no,398a3020943f1ae98987e5b12b73d9086bbba3ce
581,MOVE_CRAFTY_SHIELD,Gen 6,371,MOVE_EFFECT_PROTECT_USER_SIDE,mechanics/hg-engine/effects/effect_script_0371_*.s,no,398a3020943f1ae98987e5b12b73d9086bbba3ce
582,MOVE_FLOWER_SHIELD,Gen 6,0,MOVE_EFFECT_HIT,mechanics/hg-engine/effects/effect_script_0000_*.s,yes,398a3020943f1ae98987e5b12b73d9086bbba3ce
583,MOVE_GRASSY_TERRAIN,Gen 6,294,MOVE_EFFECT_APPLY_TERRAINS,mechanics/hg-engine/effects/effect_script_0294_*.s,no,398a3020943f1ae98987e5b12b73d9086bbba3ce
584,MOVE_MISTY_TERRAIN,Gen 6,294,MOVE_EFFECT_APPLY_TERRAINS,mechanics/hg-engine/effects/effect_script_0294_*.s,no,398a3020943f1ae98987e5b12b73d9086bbba3ce
585,MOVE_ELECTRIFY,Gen 6,0,MOVE_EFFECT_HIT,mechanics/hg-engine/effects/effect_script_0000_*.s,yes,398a3020943f1ae98987e5b12b73d9086bbba3ce
586,MOVE_PLAY_ROUGH,Gen 6,68,MOVE_EFFECT_LOWER_ATTACK_HIT,mechanics/hg-engine/effects/effect_script_0068_*.s,no,398a3020943f1ae98987e5b12b73d9086bbba3ce
587,MOVE_FAIRY_WIND,Gen 6,0,MOVE_EFFECT_HIT,mechanics/hg-engine/effects/effect_script_0000_*.s,no,398a3020943f1ae98987e5b12b73d9086bbba3ce
588,MOVE_MOONBLAST,Gen 6,71,MOVE_EFFECT_LOWER_SP_ATK_HIT,mechanics/hg-engine/effects/effect_script_0071_*.s,no,398a3020943f1ae98987e5b12b73d9086bbba3ce
589,MOVE_BOOMBURST,Gen 6,0,MOVE_EFFECT_HIT,mechanics/hg-engine/effects/effect_script_0000_*.s,no,398a3020943f1ae98987e5b12b73d9086bbba3ce
590,MOVE_FAIRY_LOCK,Gen 6,0,MOVE_EFFECT_HIT,mechanics/hg-engine/effects/effect_script_0000_*.s,yes,398a3020943f1ae98987e5b12b73d9086bbba3ce
591,MOVE_KINGS_SHIELD,Gen 6,111,MOVE_EFFECT_PROTECT,mechanics/hg-engine/effects/effect_script_0111_*.s,no,398a3020943f1ae98987e5b12b73d9086bbba3ce
592,MOVE_PLAY_NICE,Gen 6,18,MOVE_EFFECT_ATK_DOWN,mechanics/hg-engine/effects/effect_script_0018_*.s,no,398a3020943f1ae98987e5b12b73d9086bbba3ce
593,MOVE_CONFIDE,Gen 6,0,MOVE_EFFECT_HIT,mechanics/hg-engine/effects/effect_script_0000_*.s,yes,398a3020943f1ae98987e5b12b73d9086bbba3ce
594,MOVE_DIAMOND_STORM,Gen 6,317,MOVE_EFFECT_RAISE_DEF_2_HIT,mechanics/hg-engine/effects/effect_script_0317_*.s,no,398a3020943f1ae98987e5b12b73d9086bbba3ce
595,MOVE_STEAM_ERUPTION,Gen 6,125,MOVE_EFFECT_THAW_AND_BURN_HIT,mechanics/hg-engine/effects/effect_script_0125_*.s,no,398a3020943f1ae98987e5b12b73d9086bbba3ce
596,MOVE_HYPERSPACE_HOLE,Gen 6,223,MOVE_EFFECT_REMOVE_PROTECT,mechanics/hg-engine/effects/effect_script_0223_*.s,no,398a3020943f1ae98987e5b12b73d9086bbba3ce
597,MOVE_WATER_SHURIKEN,Gen 6,29,MOVE_EFFECT_MULTI_HIT,mechanics/hg-engine/effects/effect_script_0029_*.s,no,398a3020943f1ae98987e5b12b73d9086bbba3ce
598,MOVE_MYSTICAL_FIRE,Gen 6,71,MOVE_EFFECT_LOWER_SP_ATK_HIT,mechanics/hg-engine/effects/effect_script_0071_*.s,no,398a3020943f1ae98987e5b12b73d9086bbba3ce
599,MOVE_SPIKY_SHIELD,Gen 6,111,MOVE_EFFECT_PROTECT,mechanics/hg-engine/effects/effect_script_0111_*.s,no,398a3020943f1ae98987e5b12b73d9086bbba3ce
600,MOVE_AROMATIC_MIST,Gen 6,0,MOVE_EFFECT_HIT,mechanics/hg-engine/effects/effect_script_0000_*.s,yes,398a3020943f1ae98987e5b12b73d9086bbba3ce
601,MOVE_EERIE_IMPULSE,Gen 6,61,MOVE_EFFECT_SP_ATK_DOWN_2,mechanics/hg-engine/effects/effect_script_0061_*.s,no,398a3020943f1ae98987e5b12b73d9086bbba3ce
602,MOVE_VENOM_DRENCH,Gen 6,361,MOVE_EFFECT_VENOM_DRENCH,mechanics/hg-engine/effects/effect_script_0361_*.s,no,398a3020943f1ae98987e5b12b73d9086bbba3ce
603,MOVE_POWDER,Gen 6,398,MOVE_EFFECT_POWDER,mechanics/hg-engine/effects/effect_script_0398_*.s,no,398a3020943f1ae98987e5b12b73d9086bbba3ce
604,MOVE_GEOMANCY,Gen 6,318,MOVE_EFFECT_CHARGE_TURN_ATK_SP_ATK_SPEED_UP_2,mechanics/hg-engine/effects/effect_script_0318_*.s,no,398a3020943f1ae98987e5b12b73d9086bbba3ce
605,MOVE_MAGNETIC_FLUX,Gen 6,0,MOVE_EFFECT_HIT,mechanics/hg-engine/effects/effect_script_0000_*.s,yes,398a3020943f1ae98987e5b12b73d9086bbba3ce
606,MOVE_HAPPY_HOUR,Gen 6,85,MOVE_EFFECT_DO_NOTHING,mechanics/hg-engine/effects/effect_script_0085_*.s,no,398a3020943f1ae98987e5b12b73d9086bbba3ce
607,MOVE_ELECTRIC_TERRAIN,Gen 6,294,MOVE_EFFECT_APPLY_TERRAINS,mechanics/hg-engine/effects/effect_script_0294_*.s,no,398a3020943f1ae98987e5b12b73d9086bbba3ce
608,MOVE_DAZZLING_GLEAM,Gen 6,0,MOVE_EFFECT_HIT,mechanics/hg-engine/effects/effect_script_0000_*.s,no,398a3020943f1ae98987e5b12b73d9086bbba3ce
609,MOVE_CELEBRATE,Gen 6,85,MOVE_EFFECT_DO_NOTHING,mechanics/hg-engine/effects/effect_script_0085_*.s,no,398a3020943f1ae98987e5b12b73d9086bbba3ce
610,MOVE_HOLD_HANDS,Gen 6,85,MOVE_EFFECT_DO_NOTHING,mechanics/hg-engine/effects/effect_script_0085_*.s,no,398a3020943f1ae98987e5b12b73d9086bbba3ce
611,MOVE_BABY_DOLL_EYES,Gen 6,18,MOVE_EFFECT_ATK_DOWN,mechanics/hg-engine/effects/effect_script_0018_*.s,no,398a3020943f1ae98987e5b12b73d9086bbba3ce
612,MOVE_NUZZLE,Gen 6,6,MOVE_EFFECT_PARALYZE_HIT,mechanics/hg-engine/effects/effect_script_0006_*.s,no,398a3020943f1ae98987e5b12b73d9086bbba3ce
613,MOVE_HOLD_BACK,Gen 6,101,MOVE_EFFECT_LEAVE_WITH_1_HP,mechanics/hg-engine/effects/effect_script_0101_*.s,no,398a3020943f1ae98987e5b12b73d9086bbba3ce
614,MOVE_INFESTATION,Gen 6,42,MOVE_EFFECT_BIND_HIT,mechanics/hg-engine/effects/effect_script_0042_*.s,no,398a3020943f1ae98987e5b12b73d9086bbba3ce
615,MOVE_POWER_UP_PUNCH,Gen 6,139,MOVE_EFFECT_RAISE_ATTACK_HIT,mechanics/hg-engine/effects/effect_script_0139_*.s,no,398a3020943f1ae98987e5b12b73d9086bbba3ce
616,MOVE_OBLIVION_WING,Gen 6,347,MOVE_EFFECT_RECOVER_THREE_QUARTERS_DAMAGE_DEALT,mechanics/hg-engine/effects/effect_script_0347_*.s,no,398a3020943f1ae98987e5b12b73d9086bbba3ce
617,MOVE_THOUSAND_ARROWS,Gen 6,406,MOVE_EFFECT_SMACK_DOWN,mechanics/hg-engine/effects/effect_script_0406_*.s,no,398a3020943f1ae98987e5b12b73d9086bbba3ce
618,MOVE_THOUSAND_WAVES,Gen 6,351,MOVE_EFFECT_PREVENT_ESCAPE_HIT,mechanics/hg-engine/effects/effect_script_0351_*.s,no,398a3020943f1ae98987e5b12b73d9086bbba3ce
619,MOVE_LANDS_WRATH,Gen 6,0,MOVE_EFFECT_HIT,mechanics/hg-engine/effects/effect_script_0000_*.s,no,398a3020943f1ae98987e5b12b73d9086bbba3ce
620,MOVE_LIGHT_OF_RUIN,Gen 6,269,MOVE_EFFECT_RECOIL_HALF,mechanics/hg-engine/effects/effect_script_0269_*.s,no,398a3020943f1ae98987e5b12b73d9086bbba3ce
621,MOVE_ORIGIN_PULSE,Gen 6,0,MOVE_EFFECT_HIT,mechanics/hg-engine/effects/effect_script_0000_*.s,no,398a3020943f1ae98987e5b12b73d9086bbba3ce
622,MOVE_PRECIPICE_BLADES,Gen 6,0,MOVE_EFFECT_HIT,mechanics/hg-engine/effects/effect_script_0000_*.s,no,398a3020943f1ae98987e5b12b73d9086bbba3ce
623,MOVE_DRAGON_ASCENT,Gen 6,229,MOVE_EFFECT_USER_DEF_SP_DEF_DOWN_HIT,mechanics/hg-engine/effects/effect_script_0229_*.s,no,398a3020943f1ae98987e5b12b73d9086bbba3ce
624,MOVE_HYPERSPACE_FURY,Gen 6,343,MOVE_EFFECT_USER_DEF_DOWN_HIT_REMOVE_PROTECT,mechanics/hg-engine/effects/effect_script_0343_*.s,no,398a3020943f1ae98987e5b12b73d9086bbba3ce
625,MOVE_BREAKNECK_BLITZ_PHYSICAL,Gen 7,0,MOVE_EFFECT_HIT,mechanics/hg-engine/effects/effect_script_0000_*.s,no,398a3020943f1ae98987e5b12b73d9086bbba3ce
626,MOVE_BREAKNECK_BLITZ_SPECIAL,Gen 7,0,MOVE_EFFECT_HIT,mechanics/hg-engine/effects/effect_script_0000_*.s,no,398a3020943f1ae98987e5b12b73d9086bbba3ce
627,MOVE_ALL_OUT_PUMMELING_PHYSICAL,Gen 7,0,MOVE_EFFECT_HIT,mechanics/hg-engine/effects/effect_script_0000_*.s,no,398a3020943f1ae98987e5b12b73d9086bbba3ce
628,MOVE_ALL_OUT_PUMMELING_SPECIAL,Gen 7,0,MOVE_EFFECT_HIT,mechanics/hg-engine/effects/effect_script_0000_*.s,no,398a3020943f1ae98987e5b12b73d9086bbba3ce
629,MOVE_SUPERSONIC_SKYSTRIKE_PHYSICAL,Gen 7,0,MOVE_EFFECT_HIT,mechanics/hg-engine/effects/effect_script_0000_*.s,no,398a3020943f1ae98987e5b12b73d9086bbba3ce
630,MOVE_SUPERSONIC_SKYSTRIKE_SPECIAL,Gen 7,0,MOVE_EFFECT_HIT,mechanics/hg-engine/effects/effect_script_0000_*.s,no,398a3020943f1ae98987e5b12b73d9086bbba3ce
631,MOVE_ACID_DOWNPOUR_PHYSICAL,Gen 7,0,MOVE_EFFECT_HIT,mechanics/hg-engine/effects/effect_script_0000_*.s,no,398a3020943f1ae98987e5b12b73d9086bbba3ce
632,MOVE_ACID_DOWNPOUR_SPECIAL,Gen 7,0,MOVE_EFFECT_HIT,mechanics/hg-engine/effects/effect_script_0000_*.s,no,398a3020943f1ae98987e5b12b73d9086bbba3ce
633,MOVE_TECTONIC_RAGE_PHYSICAL,Gen 7,0,MOVE_EFFECT_HIT,mechanics/hg-engine/effects/effect_script_0000_*.s,no,398a3020943f1ae98987e5b12b73d9086bbba3ce
634,MOVE_TECTONIC_RAGE_SPECIAL,Gen 7,0,MOVE_EFFECT_HIT,mechanics/hg-engine/effects/effect_script_0000_*.s,no,398a3020943f1ae98987e5b12b73d9086bbba3ce
635,MOVE_CONTINENTAL_CRUSH_PHYSICAL,Gen 7,0,MOVE_EFFECT_HIT,mechanics/hg-engine/effects/effect_script_0000_*.s,no,398a3020943f1ae98987e5b12b73d9086bbba3ce
636,MOVE_CONTINENTAL_CRUSH_SPECIAL,Gen 7,0,MOVE_EFFECT_HIT,mechanics/hg-engine/effects/effect_script_0000_*.s,no,398a3020943f1ae98987e5b12b73d9086bbba3ce
637,MOVE_SAVAGE_SPIN_OUT_PHYSICAL,Gen 7,0,MOVE_EFFECT_HIT,mechanics/hg-engine/effects/effect_script_0000_*.s,no,398a3020943f1ae98987e5b12b73d9086bbba3ce
638,MOVE_SAVAGE_SPIN_OUT_SPECIAL,Gen 7,0,MOVE_EFFECT_HIT,mechanics/hg-engine/effects/effect_script_0000_*.s,no,398a3020943f1ae98987e5b12b73d9086bbba3ce
639,MOVE_NEVER_ENDING_NIGHTMARE_PHYSICAL,Gen 7,0,MOVE_EFFECT_HIT,mechanics/hg-engine/effects/effect_script_0000_*.s,no,398a3020943f1ae98987e5b12b73d9086bbba3ce
640,MOVE_NEVER_ENDING_NIGHTMARE_SPECIAL,Gen 7,0,MOVE_EFFECT_HIT,mechanics/hg-engine/effects/effect_script_0000_*.s,no,398a3020943f1ae98987e5b12b73d9086bbba3ce
641,MOVE_CORKSCREW_CRASH_PHYSICAL,Gen 7,0,MOVE_EFFECT_HIT,mechanics/hg-engine/effects/effect_script_0000_*.s,no,398a3020943f1ae98987e5b12b73d9086bbba3ce
642,MOVE_CORKSCREW_CRASH_SPECIAL,Gen 7,0,MOVE_EFFECT_HIT,mechanics/hg-engine/effects/effect_script_0000_*.s,no,398a3020943f1ae98987e5b12b73d9086bbba3ce
643,MOVE_INFERNO_OVERDRIVE_PHYSICAL,Gen 7,0,MOVE_EFFECT_HIT,mechanics/hg-engine/effects/effect_script_0000_*.s,no,398a3020943f1ae98987e5b12b73d9086bbba3ce
644,MOVE_INFERNO_OVERDRIVE_SPECIAL,Gen 7,0,MOVE_EFFECT_HIT,mechanics/hg-engine/effects/effect_script_0000_*.s,no,398a3020943f1ae98987e5b12b73d9086bbba3ce
645,MOVE_HYDRO_VORTEX_PHYSICAL,Gen 7,0,MOVE_EFFECT_HIT,mechanics/hg-engine/effects/effect_script_0000_*.s,no,398a3020943f1ae98987e5b12b73d9086bbba3ce
646,MOVE_HYDRO_VORTEX_SPECIAL,Gen 7,0,MOVE_EFFECT_HIT,mechanics/hg-engine/effects/effect_script_0000_*.s,no,398a3020943f1ae98987e5b12b73d9086bbba3ce
647,MOVE_BLOOM_DOOM_PHYSICAL,Gen 7,0,MOVE_EFFECT_HIT,mechanics/hg-engine/effects/effect_script_0000_*.s,no,398a3020943f1ae98987e5b12b73d9086bbba3ce
648,MOVE_BLOOM_DOOM_SPECIAL,Gen 7,0,MOVE_EFFECT_HIT,mechanics/hg-engine/effects/effect_script_0000_*.s,no,398a3020943f1ae98987e5b12b73d9086bbba3ce
649,MOVE_GIGAVOLT_HAVOC_PHYSICAL,Gen 7,0,MOVE_EFFECT_HIT,mechanics/hg-engine/effects/effect_script_0000_*.s,no,398a3020943f1ae98987e5b12b73d9086bbba3ce
650,MOVE_GIGAVOLT_HAVOC_SPECIAL,Gen 7,0,MOVE_EFFECT_HIT,mechanics/hg-engine/effects/effect_script_0000_*.s,no,398a3020943f1ae98987e5b12b73d9086bbba3ce
651,MOVE_SHATTERED_PSYCHE_PHYSICAL,Gen 7,0,MOVE_EFFECT_HIT,mechanics/hg-engine/effects/effect_script_0000_*.s,no,398a3020943f1ae98987e5b12b73d9086bbba3ce
652,MOVE_SHATTERED_PSYCHE_SPECIAL,Gen 7,0,MOVE_EFFECT_HIT,mechanics/hg-engine/effects/effect_script_0000_*.s,no,398a3020943f1ae98987e5b12b73d9086bbba3ce
653,MOVE_SUBZERO_SLAMMER_PHYSICAL,Gen 7,0,MOVE_EFFECT_HIT,mechanics/hg-engine/effects/effect_script_0000_*.s,no,398a3020943f1ae98987e5b12b73d9086bbba3ce
654,MOVE_SUBZERO_SLAMMER_SPECIAL,Gen 7,0,MOVE_EFFECT_HIT,mechanics/hg-engine/effects/effect_script_0000_*.s,no,398a3020943f1ae98987e5b12b73d9086bbba3ce
655,MOVE_DEVASTATING_DRAKE_PHYSICAL,Gen 7,0,MOVE_EFFECT_HIT,mechanics/hg-engine/effects/effect_script_0000_*.s,no,398a3020943f1ae98987e5b12b73d9086bbba3ce
656,MOVE_DEVASTATING_DRAKE_SPECIAL,Gen 7,0,MOVE_EFFECT_HIT,mechanics/hg-engine/effects/effect_script_0000_*.s,no,398a3020943f1ae98987e5b12b73d9086bbba3ce
657,MOVE_BLACK_HOLE_ECLIPSE_PHYSICAL,Gen 7,0,MOVE_EFFECT_HIT,mechanics/hg-engine/effects/effect_script_0000_*.s,no,398a3020943f1ae98987e5b12b73d9086bbba3ce
658,MOVE_BLACK_HOLE_ECLIPSE_SPECIAL,Gen 7,0,MOVE_EFFECT_HIT,mechanics/hg-engine/effects/effect_script_0000_*.s,no,398a3020943f1ae98987e5b12b73d9086bbba3ce
659,MOVE_TWINKLE_TACKLE_PHYSICAL,Gen 7,0,MOVE_EFFECT_HIT,mechanics/hg-engine/effects/effect_script_0000_*.s,no,398a3020943f1ae98987e5b12b73d9086bbba3ce
660,MOVE_TWINKLE_TACKLE_SPECIAL,Gen 7,0,MOVE_EFFECT_HIT,mechanics/hg-engine/effects/effect_script_0000_*.s,no,398a3020943f1ae98987e5b12b73d9086bbba3ce
661,MOVE_CATASTROPIKA,Gen 7,0,MOVE_EFFECT_HIT,mechanics/hg-engine/effects/effect_script_0000_*.s,no,398a3020943f1ae98987e5b12b73d9086bbba3ce
662,MOVE_SHORE_UP,Gen 7,132,MOVE_EFFECT_HEAL_HALF_DIFFERENT_IN_WEATHER,mechanics/hg-engine/effects/effect_script_0132_*.s,no,398a3020943f1ae98987e5b12b73d9086bbba3ce
663,MOVE_FIRST_IMPRESSION,Gen 7,373,MOVE_EFFECT_FIRST_TURN_ONLY,mechanics/hg-engine/effects/effect_script_0373_*.s,no,398a3020943f1ae98987e5b12b73d9086bbba3ce
664,MOVE_BANEFUL_BUNKER,Gen 7,111,MOVE_EFFECT_PROTECT,mechanics/hg-engine/effects/effect_script_0111_*.s,no,398a3020943f1ae98987e5b12b73d9086bbba3ce
665,MOVE_SPIRIT_SHACKLE,Gen 7,351,MOVE_EFFECT_PREVENT_ESCAPE_HIT,mechanics/hg-engine/effects/effect_script_0351_*.s,no,398a3020943f1ae98987e5b12b73d9086bbba3ce
666,MOVE_DARKEST_LARIAT,Gen 7,0,MOVE_EFFECT_HIT,mechanics/hg-engine/effects/effect_script_0000_*.s,no,398a3020943f1ae98987e5b12b73d9086bbba3ce
667,MOVE_SPARKLING_ARIA,Gen 7,0,MOVE_EFFECT_HIT,mechanics/hg-engine/effects/effect_script_0000_*.s,no,398a3020943f1ae98987e5b12b73d9086bbba3ce
668,MOVE_ICE_HAMMER,Gen 7,218,MOVE_EFFECT_USER_SPEED_DOWN_HIT,mechanics/hg-engine/effects/effect_script_0218_*.s,no,398a3020943f1ae98987e5b12b73d9086bbba3ce
669,MOVE_FLORAL_HEALING,Gen 7,0,MOVE_EFFECT_HIT,mechanics/hg-engine/effects/effect_script_0000_*.s,yes,398a3020943f1ae98987e5b12b73d9086bbba3ce
670,MOVE_HIGH_HORSEPOWER,Gen 7,0,MOVE_EFFECT_HIT,mechanics/hg-engine/effects/effect_script_0000_*.s,no,398a3020943f1ae98987e5b12b73d9086bbba3ce
671,MOVE_STRENGTH_SAP,Gen 7,378,MOVE_EFFECT_STRENGTH_SAP,mechanics/hg-engine/effects/effect_script_0378_*.s,no,398a3020943f1ae98987e5b12b73d9086bbba3ce
672,MOVE_SOLAR_BLADE,Gen 7,151,MOVE_EFFECT_CHARGE_TURN_SUN_SKIPS,mechanics/hg-engine/effects/effect_script_0151_*.s,no,398a3020943f1ae98987e5b12b73d9086bbba3ce
673,MOVE_LEAFAGE,Gen 7,0,MOVE_EFFECT_HIT,mechanics/hg-engine/effects/effect_script_0000_*.s,no,398a3020943f1ae98987e5b12b73d9086bbba3ce
674,MOVE_SPOTLIGHT,Gen 7,172,MOVE_EFFECT_MAKE_GLOBAL_TARGET,mechanics/hg-engine/effects/effect_script_0172_*.s,no,398a3020943f1ae98987e5b12b73d9086bbba3ce
675,MOVE_TOXIC_THREAD,Gen 7,359,MOVE_EFFECT_TOXIC_THREAD,mechanics/hg-engine/effects/effect_script_0359_*.s,no,398a3020943f1ae98987e5b12b73d9086bbba3ce
676,MOVE_LASER_FOCUS,Gen 7,399,MOVE_EFFECT_LASER_FOCUS,mechanics/hg-engine/effects/effect_script_0399_*.s,no,398a3020943f1ae98987e5b12b73d9086bbba3ce
677,MOVE_GEAR_UP,Gen 7,0,MOVE_EFFECT_HIT,mechanics/hg-engine/effects/effect_script_0000_*.s,yes,398a3020943f1ae98987e5b12b73d9086bbba3ce
678,MOVE_THROAT_CHOP,Gen 7,401,MOVE_EFFECT_THROAT_CHOP,mechanics/hg-engine/effects/effect_script_0401_*.s,no,398a3020943f1ae98987e5b12b73d9086bbba3ce
679,MOVE_POLLEN_PUFF,Gen 7,380,MOVE_EFFECT_POLLEN_PUFF,mechanics/hg-engine/effects/effect_script_0380_*.s,no,398a3020943f1ae98987e5b12b73d9086bbba3ce
680,MOVE_ANCHOR_SHOT,Gen 7,351,MOVE_EFFECT_PREVENT_ESCAPE_HIT,mechanics/hg-engine/effects/effect_script_0351_*.s,no,398a3020943f1ae98987e5b12b73d9086bbba3ce
681,MOVE_PSYCHIC_TERRAIN,Gen 7,294,MOVE_EFFECT_APPLY_TERRAINS,mechanics/hg-engine/effects/effect_script_0294_*.s,no,398a3020943f1ae98987e5b12b73d9086bbba3ce
682,MOVE_LUNGE,Gen 7,68,MOVE_EFFECT_LOWER_ATTACK_HIT,mechanics/hg-engine/effects/effect_script_0068_*.s,no,398a3020943f1ae98987e5b12b73d9086bbba3ce
683,MOVE_FIRE_LASH,Gen 7,69,MOVE_EFFECT_LOWER_DEFENSE_HIT,mechanics/hg-engine/effects/effect_script_0069_*.s,no,398a3020943f1ae98987e5b12b73d9086bbba3ce
684,MOVE_POWER_TRIP,Gen 7,0,MOVE_EFFECT_HIT,mechanics/hg-engine/effects/effect_script_0000_*.s,no,398a3020943f1ae98987e5b12b73d9086bbba3ce
685,MOVE_BURN_UP,Gen 7,393,MOVE_EFFECT_REMOVE_USER_FIRE_TYPE_HIT,mechanics/hg-engine/effects/effect_script_0393_*.s,no,398a3020943f1ae98987e5b12b73d9086bbba3ce
686,MOVE_SPEED_SWAP,Gen 7,0,MOVE_EFFECT_HIT,mechanics/hg-engine/effects/effect_script_0000_*.s,yes,398a3020943f1ae98987e5b12b73d9086bbba3ce
687,MOVE_SMART_STRIKE,Gen 7,17,MOVE_EFFECT_BYPASS_ACCURACY,mechanics/hg-engine/effects/effect_script_0017_*.s,no,398a3020943f1ae98987e5b12b73d9086bbba3ce
688,MOVE_PURIFY,Gen 7,0,MOVE_EFFECT_HIT,mechanics/hg-engine/effects/effect_script_0000_*.s,yes,398a3020943f1ae98987e5b12b73d9086bbba3ce
689,MOVE_REVELATION_DANCE,Gen 7,0,MOVE_EFFECT_HIT,mechanics/hg-engine/effects/effect_script_0000_*.s,no,398a3020943f1ae98987e5b12b73d9086bbba3ce
690,MOVE_CORE_ENFORCER,Gen 7,0,MOVE_EFFECT_HIT,mechanics/hg-engine/effects/effect_script_0000_*.s,yes,398a3020943f1ae98987e5b12b73d9086bbba3ce
691,MOVE_TROP_KICK,Gen 7,68,MOVE_EFFECT_LOWER_ATTACK_HIT,mechanics/hg-engine/effects/effect_script_0068_*.s,no,398a3020943f1ae98987e5b12b73d9086bbba3ce
692,MOVE_INSTRUCT,Gen 7,0,MOVE_EFFECT_HIT,mechanics/hg-engine/effects/effect_script_0000_*.s,yes,398a3020943f1ae98987e5b12b73d9086bbba3ce
693,MOVE_BEAK_BLAST,Gen 7,0,MOVE_EFFECT_HIT,mechanics/hg-engine/effects/effect_script_0000_*.s,yes,398a3020943f1ae98987e5b12b73d9086bbba3ce
694,MOVE_CLANGING_SCALES,Gen 7,342,MOVE_EFFECT_USER_DEF_DOWN_HIT,mechanics/hg-engine/effects/effect_script_0342_*.s,no,398a3020943f1ae98987e5b12b73d9086bbba3ce
695,MOVE_DRAGON_HAMMER,Gen 7,0,MOVE_EFFECT_HIT,mechanics/hg-engine/effects/effect_script_0000_*.s,no,398a3020943f1ae98987e5b12b73d9086bbba3ce
696,MOVE_BRUTAL_SWING,Gen 7,0,MOVE_EFFECT_HIT,mechanics/hg-engine/effects/effect_script_0000_*.s,no,398a3020943f1ae98987e5b12b73d9086bbba3ce
697,MOVE_AURORA_VEIL,Gen 7,377,MOVE_EFFECT_SET_AURORA_VEIL,mechanics/hg-engine/effects/effect_script_0377_*.s,no,398a3020943f1ae98987e5b12b73d9086bbba3ce
698,MOVE_SINISTER_ARROW_RAID,Gen 7,0,MOVE_EFFECT_HIT,mechanics/hg-engine/effects/effect_script_0000_*.s,no,398a3020943f1ae98987e5b12b73d9086bbba3ce
699,MOVE_MALICIOUS_MOONSAULT,Gen 7,0,MOVE_EFFECT_HIT,mechanics/hg-engine/effects/effect_script_0000_*.s,no,398a3020943f1ae98987e5b12b73d9086bbba3ce
700,MOVE_OCEANIC_OPERETTA,Gen 7,0,MOVE_EFFECT_HIT,mechanics/hg-engine/effects/effect_script_0000_*.s,no,398a3020943f1ae98987e5b12b73d9086bbba3ce
701,MOVE_GUARDIAN_OF_ALOLA,Gen 7,365,MOVE_EFFECT_QUARTER_HP,mechanics/hg-engine/effects/effect_script_0365_*.s,no,398a3020943f1ae98987e5b12b73d9086bbba3ce
702,MOVE_SOUL_STEALING_7_STAR_STRIKE,Gen 7,0,MOVE_EFFECT_HIT,mechanics/hg-engine/effects/effect_script_0000_*.s,no,398a3020943f1ae98987e5b12b73d9086bbba3ce
703,MOVE_STOKED_SPARKSURFER,Gen 7,6,MOVE_EFFECT_PARALYZE_HIT,mechanics/hg-engine/effects/effect_script_0006_*.s,no,398a3020943f1ae98987e5b12b73d9086bbba3ce
704,MOVE_PULVERIZING_PANCAKE,Gen 7,0,MOVE_EFFECT_HIT,mechanics/hg-engine/effects/effect_script_0000_*.s,no,398a3020943f1ae98987e5b12b73d9086bbba3ce
705,MOVE_EXTREME_EVOBOOST,Gen 7,0,MOVE_EFFECT_HIT,mechanics/hg-engine/effects/effect_script_0000_*.s,no,398a3020943f1ae98987e5b12b73d9086bbba3ce
706,MOVE_GENESIS_SUPERNOVA,Gen 7,0,MOVE_EFFECT_HIT,mechanics/hg-engine/effects/effect_script_0000_*.s,no,398a3020943f1ae98987e5b12b73d9086bbba3ce
707,MOVE_SHELL_TRAP,Gen 7,0,MOVE_EFFECT_HIT,mechanics/hg-engine/effects/effect_script_0000_*.s,yes,398a3020943f1ae98987e5b12b73d9086bbba3ce
708,MOVE_FLEUR_CANNON,Gen 7,204,MOVE_EFFECT_USER_SP_ATK_DOWN_2,mechanics/hg-engine/effects/effect_script_0204_*.s,no,398a3020943f1ae98987e5b12b73d9086bbba3ce
709,MOVE_PSYCHIC_FANGS,Gen 7,186,MOVE_EFFECT_REMOVE_SCREENS,mechanics/hg-engine/effects/effect_script_0186_*.s,no,398a3020943f1ae98987e5b12b73d9086bbba3ce
710,MOVE_STOMPING_TANTRUM,Gen 7,0,MOVE_EFFECT_HIT,mechanics/hg-engine/effects/effect_script_0000_*.s,no,398a3020943f1ae98987e5b12b73d9086bbba3ce
711,MOVE_SHADOW_BONE,Gen 7,69,MOVE_EFFECT_LOWER_DEFENSE_HIT,mechanics/hg-engine/effects/effect_script_0069_*.s,no,398a3020943f1ae98987e5b12b73d9086bbba3ce
712,MOVE_ACCELEROCK,Gen 7,103,MOVE_EFFECT_PRIORITY_1,mechanics/hg-engine/effects/effect_script_0103_*.s,no,398a3020943f1ae98987e5b12b73d9086bbba3ce
713,MOVE_LIQUIDATION,Gen 7,69,MOVE_EFFECT_LOWER_DEFENSE_HIT,mechanics/hg-engine/effects/effect_script_0069_*.s,no,398a3020943f1ae98987e5b12b73d9086bbba3ce
714,MOVE_PRISMATIC_LASER,Gen 7,80,MOVE_EFFECT_RECHARGE_AFTER,mechanics/hg-engine/effects/effect_script_0080_*.s,no,398a3020943f1ae98987e5b12b73d9086bbba3ce
715,MOVE_SPECTRAL_THIEF,Gen 7,0,MOVE_EFFECT_HIT,mechanics/hg-engine/effects/effect_script_0000_*.s,yes,398a3020943f1ae98987e5b12b73d9086bbba3ce
716,MOVE_SUNSTEEL_STRIKE,Gen 7,0,MOVE_EFFECT_HIT,mechanics/hg-engine/effects/effect_script_0000_*.s,yes,398a3020943f1ae98987e5b12b73d9086bbba3ce
717,MOVE_MOONGEIST_BEAM,Gen 7,0,MOVE_EFFECT_HIT,mechanics/hg-engine/effects/effect_script_0000_*.s,yes,398a3020943f1ae98987e5b12b73d9086bbba3ce
718,MOVE_TEARFUL_LOOK,Gen 7,362,MOVE_EFFECT_ATK_SP_ATK_DOWN,mechanics/hg-engine/effects/effect_script_0362_*.s,no,398a3020943f1ae98987e5b12b73d9086bbba3ce
719,MOVE_ZING_ZAP,Gen 7,31,MOVE_EFFECT_FLINCH_HIT,mechanics/hg-engine/effects/effect_script_0031_*.s,no,398a3020943f1ae98987e5b12b73d9086bbba3ce
720,MOVE_NATURES_MADNESS,Gen 7,40,MOVE_EFFECT_HALVE_HP,mechanics/hg-engine/effects/effect_script_0040_*.s,no,398a3020943f1ae98987e5b12b73d9086bbba3ce
721,MOVE_MULTI_ATTACK,Gen 7,308,MOVE_EFFECT_MULTI_ATTACK,mechanics/hg-engine/effects/effect_script_0308_*.s,no,398a3020943f1ae98987e5b12b73d9086bbba3ce
722,MOVE_10_000_000_VOLT_THUNDERBOLT,Gen 7,0,MOVE_EFFECT_HIT,mechanics/hg-engine/effects/effect_script_0000_*.s,no,398a3020943f1ae98987e5b12b73d9086bbba3ce
723,MOVE_MIND_BLOWN,Gen 7,408,MOVE_EFFECT_STEEL_BEAM,mechanics/hg-engine/effects/effect_script_0408_*.s,no,398a3020943f1ae98987e5b12b73d9086bbba3ce
724,MOVE_PLASMA_FISTS,Gen 7,392,MOVE_EFFECT_ION_DELUGE_HIT,mechanics/hg-engine/effects/effect_script_0392_*.s,no,398a3020943f1ae98987e5b12b73d9086bbba3ce
725,MOVE_PHOTON_GEYSER,Gen 7,0,MOVE_EFFECT_HIT,mechanics/hg-engine/effects/effect_script_0000_*.s,no,398a3020943f1ae98987e5b12b73d9086bbba3ce
726,MOVE_LIGHT_THAT_BURNS_THE_SKY,Gen 7,0,MOVE_EFFECT_HIT,mechanics/hg-engine/effects/effect_script_0000_*.s,no,398a3020943f1ae98987e5b12b73d9086bbba3ce
727,MOVE_SEARING_SUNRAZE_SMASH,Gen 7,0,MOVE_EFFECT_HIT,mechanics/hg-engine/effects/effect_script_0000_*.s,no,398a3020943f1ae98987e5b12b73d9086bbba3ce
728,MOVE_MENACING_MOONRAZE_MAELSTROM,Gen 7,0,MOVE_EFFECT_HIT,mechanics/hg-engine/effects/effect_script_0000_*.s,no,398a3020943f1ae98987e5b12b73d9086bbba3ce
729,MOVE_LETS_SNUGGLE_FOREVER,Gen 7,0,MOVE_EFFECT_HIT,mechanics/hg-engine/effects/effect_script_0000_*.s,no,398a3020943f1ae98987e5b12b73d9086bbba3ce
730,MOVE_SPLINTERED_STORMSHARDS,Gen 7,0,MOVE_EFFECT_HIT,mechanics/hg-engine/effects/effect_script_0000_*.s,no,398a3020943f1ae98987e5b12b73d9086bbba3ce
731,MOVE_CLANGOROUS_SOULBLAZE,Gen 7,140,MOVE_EFFECT_RAISE_ALL_STATS_HIT,mechanics/hg-engine/effects/effect_script_0140_*.s,no,398a3020943f1ae98987e5b12b73d9086bbba3ce
732,MOVE_ZIPPY_ZAP,Gen 7,316,MOVE_EFFECT_RAISE_EVA_HIT,mechanics/hg-engine/effects/effect_script_0316_*.s,no,398a3020943f1ae98987e5b12b73d9086bbba3ce
733,MOVE_SPLISHY_SPLASH,Gen 7,6,MOVE_EFFECT_PARALYZE_HIT,mechanics/hg-engine/effects/effect_script_0006_*.s,no,398a3020943f1ae98987e5b12b73d9086bbba3ce
734,MOVE_FLOATY_FALL,Gen 7,31,MOVE_EFFECT_FLINCH_HIT,mechanics/hg-engine/effects/effect_script_0031_*.s,no,398a3020943f1ae98987e5b12b73d9086bbba3ce
735,MOVE_PIKA_PAPOW,Gen 7,121,MOVE_EFFECT_POWER_BASED_ON_FRIENDSHIP,mechanics/hg-engine/effects/effect_script_0121_*.s,no,398a3020943f1ae98987e5b12b73d9086bbba3ce
736,MOVE_BOUNCY_BUBBLE,Gen 7,315,MOVE_EFFECT_RECOVER_FULL_DAMAGE_DEALT,mechanics/hg-engine/effects/effect_script_0315_*.s,no,398a3020943f1ae98987e5b12b73d9086bbba3ce
737,MOVE_BUZZY_BUZZ,Gen 7,6,MOVE_EFFECT_PARALYZE_HIT,mechanics/hg-engine/effects/effect_script_0006_*.s,no,398a3020943f1ae98987e5b12b73d9086bbba3ce
738,MOVE_SIZZLY_SLIDE,Gen 7,4,MOVE_EFFECT_BURN_HIT,mechanics/hg-engine/effects/effect_script_0004_*.s,no,398a3020943f1ae98987e5b12b73d9086bbba3ce
739,MOVE_GLITZY_GLOW,Gen 7,311,MOVE_EFFECT_SET_LIGHT_SCREEN_HIT,mechanics/hg-engine/effects/effect_script_0311_*.s,no,398a3020943f1ae98987e5b12b73d9086bbba3ce
740,MOVE_BADDY_BAD,Gen 7,312,MOVE_EFFECT_SET_REFLECT_HIT,mechanics/hg-engine/effects/effect_script_0312_*.s,no,398a3020943f1ae98987e5b12b73d9086bbba3ce
741,MOVE_SAPPY_SEED,Gen 7,310,MOVE_EFFECT_LEECH_SEED_HIT,mechanics/hg-engine/effects/effect_script_0310_*.s,no,398a3020943f1ae98987e5b12b73d9086bbba3ce
742,MOVE_FREEZY_FROST,Gen 7,313,MOVE_EFFECT_RESET_STAT_CHANGES_HIT,mechanics/hg-engine/effects/effect_script_0313_*.s,no,398a3020943f1ae98987e5b12b73d9086bbba3ce
743,MOVE_SPARKLY_SWIRL,Gen 7,314,MOVE_EFFECT_CURE_PARTY_STATUS_HIT,mechanics/hg-engine/effects/effect_script_0314_*.s,no,398a3020943f1ae98987e5b12b73d9086bbba3ce
744,MOVE_VEEVEE_VOLLEY,Gen 7,121,MOVE_EFFECT_POWER_BASED_ON_FRIENDSHIP,mechanics/hg-engine/effects/effect_script_0121_*.s,no,398a3020943f1ae98987e5b12b73d9086bbba3ce
745,MOVE_DOUBLE_IRON_BASH,Gen 7,296,MOVE_EFFECT_HIT_TWICE_AND_FLINCH,mechanics/hg-engine/effects/effect_script_0296_*.s,no,398a3020943f1ae98987e5b12b73d9086bbba3ce
746,MOVE_MAX_GUARD,Gen 8,111,MOVE_EFFECT_PROTECT,mechanics/hg-engine/effects/effect_script_0111_*.s,no,398a3020943f1ae98987e5b12b73d9086bbba3ce
747,MOVE_DYNAMAX_CANNON,Gen 8,0,MOVE_EFFECT_HIT,mechanics/hg-engine/effects/effect_script_0000_*.s,no,398a3020943f1ae98987e5b12b73d9086bbba3ce
748,MOVE_SNIPE_SHOT,Gen 8,43,MOVE_EFFECT_HIGH_CRITICAL,mechanics/hg-engine/effects/effect_script_0043_*.s,no,398a3020943f1ae98987e5b12b73d9086bbba3ce
749,MOVE_JAW_LOCK,Gen 8,352,MOVE_EFFECT_PREVENT_ESCAPE_BOTH_HIT,mechanics/hg-engine/effects/effect_script_0352_*.s,no,398a3020943f1ae98987e5b12b73d9086bbba3ce
750,MOVE_STUFF_CHEEKS,Gen 8,397,MOVE_EFFECT_STUFF_CHEEKS,mechanics/hg-engine/effects/effect_script_0397_*.s,no,398a3020943f1ae98987e5b12b73d9086bbba3ce
751,MOVE_NO_RETREAT,Gen 8,0,MOVE_EFFECT_HIT,mechanics/hg-engine/effects/effect_script_0000_*.s,yes,398a3020943f1ae98987e5b12b73d9086bbba3ce
752,MOVE_TAR_SHOT,Gen 8,0,MOVE_EFFECT_HIT,mechanics/hg-engine/effects/effect_script_0000_*.s,yes,398a3020943f1ae98987e5b12b73d9086bbba3ce
753,MOVE_MAGIC_POWDER,Gen 8,376,MOVE_EFFECT_CHANGE_TO_PSYCHIC_TYPE,mechanics/hg-engine/effects/effect_script_0376_*.s,no,398a3020943f1ae98987e5b12b73d9086bbba3ce
754,MOVE_DRAGON_DARTS,Gen 8,44,MOVE_EFFECT_HIT_TWICE,mechanics/hg-engine/effects/effect_script_0044_*.s,no,398a3020943f1ae98987e5b12b73d9086bbba3ce
755,MOVE_TEATIME,Gen 8,0,MOVE_EFFECT_HIT,mechanics/hg-engine/effects/effect_script_0000_*.s,yes,398a3020943f1ae98987e5b12b73d9086bbba3ce
756,MOVE_OCTOLOCK,Gen 8,0,MOVE_EFFECT_HIT,mechanics/hg-engine/effects/effect_script_0000_*.s,yes,398a3020943f1ae98987e5b12b73d9086bbba3ce
757,MOVE_BOLT_BEAK,Gen 8,382,MOVE_EFFECT_DOUBLE_POWER_IF_FASTER,mechanics/hg-engine/effects/effect_script_0382_*.s,no,398a3020943f1ae98987e5b12b73d9086bbba3ce
758,MOVE_FISHIOUS_REND,Gen 8,382,MOVE_EFFECT_DOUBLE_POWER_IF_FASTER,mechanics/hg-engine/effects/effect_script_0382_*.s,no,398a3020943f1ae98987e5b12b73d9086bbba3ce
759,MOVE_COURT_CHANGE,Gen 8,0,MOVE_EFFECT_HIT,mechanics/hg-engine/effects/effect_script_0000_*.s,yes,398a3020943f1ae98987e5b12b73d9086bbba3ce
760,MOVE_MAX_FLARE,Gen 8,0,MOVE_EFFECT_HIT,mechanics/hg-engine/effects/effect_script_0000_*.s,yes,398a3020943f1ae98987e5b12b73d9086bbba3ce
761,MOVE_MAX_FLUTTERBY,Gen 8,71,MOVE_EFFECT_LOWER_SP_ATK_HIT,mechanics/hg-engine/effects/effect_script_0071_*.s,yes,398a3020943f1ae98987e5b12b73d9086bbba3ce
762,MOVE_MAX_LIGHTNING,Gen 8,0,MOVE_EFFECT_HIT,mechanics/hg-engine/effects/effect_script_0000_*.s,yes,398a3020943f1ae98987e5b12b73d9086bbba3ce
763,MOVE_MAX_STRIKE,Gen 8,70,MOVE_EFFECT_LOWER_SPEED_HIT,mechanics/hg-engine/effects/effect_script_0070_*.s,yes,398a3020943f1ae98987e5b12b73d9086bbba3ce
764,MOVE_MAX_KNUCKLE,Gen 8,139,MOVE_EFFECT_RAISE_ATTACK_HIT,mechanics/hg-engine/effects/effect_script_0139_*.s,yes,398a3020943f1ae98987e5b12b73d9086bbba3ce
765,MOVE_MAX_PHANTASM,Gen 8,69,MOVE_EFFECT_LOWER_DEFENSE_HIT,mechanics/hg-engine/effects/effect_script_0069_*.s,yes,398a3020943f1ae98987e5b12b73d9086bbba3ce
766,MOVE_MAX_HAILSTORM,Gen 8,0,MOVE_EFFECT_HIT,mechanics/hg-engine/effects/effect_script_0000_*.s,yes,398a3020943f1ae98987e5b12b73d9086bbba3ce
767,MOVE_MAX_OOZE,Gen 8,276,MOVE_EFFECT_RAISE_SP_ATK_HIT,mechanics/hg-engine/effects/effect_script_0276_*.s,yes,398a3020943f1ae98987e5b12b73d9086bbba3ce
768,MOVE_MAX_GEYSER,Gen 8,0,MOVE_EFFECT_HIT,mechanics/hg-engine/effects/effect_script_0000_*.s,yes,398a3020943f1ae98987e5b12b73d9086bbba3ce
769,MOVE_MAX_AIRSTREAM,Gen 8,285,MOVE_EFFECT_RAISE_SPEED_HIT,mechanics/hg-engine/effects/effect_script_0285_*.s,yes,398a3020943f1ae98987e5b12b73d9086bbba3ce
770,MOVE_MAX_STARFALL,Gen 8,0,MOVE_EFFECT_HIT,mechanics/hg-engine/effects/effect_script_0000_*.s,yes,398a3020943f1ae98987e5b12b73d9086bbba3ce
771,MOVE_MAX_WYRMWIND,Gen 8,68,MOVE_EFFECT_LOWER_ATTACK_HIT,mechanics/hg-engine/effects/effect_script_0068_*.s,yes,398a3020943f1ae98987e5b12b73d9086bbba3ce
772,MOVE_MAX_MINDSTORM,Gen 8,0,MOVE_EFFECT_HIT,mechanics/hg-engine/effects/effect_script_0000_*.s,yes,398a3020943f1ae98987e5b12b73d9086bbba3ce
773,MOVE_MAX_ROCKFALL,Gen 8,0,MOVE_EFFECT_HIT,mechanics/hg-engine/effects/effect_script_0000_*.s,yes,398a3020943f1ae98987e5b12b73d9086bbba3ce
774,MOVE_MAX_QUAKE,Gen 8,0,MOVE_EFFECT_HIT,mechanics/hg-engine/effects/effect_script_0000_*.s,yes,398a3020943f1ae98987e5b12b73d9086bbba3ce
775,MOVE_MAX_DARKNESS,Gen 8,72,MOVE_EFFECT_LOWER_SP_DEF_HIT,mechanics/hg-engine/effects/effect_script_0072_*.s,yes,398a3020943f1ae98987e5b12b73d9086bbba3ce
776,MOVE_MAX_OVERGROWTH,Gen 8,0,MOVE_EFFECT_HIT,mechanics/hg-engine/effects/effect_script_0000_*.s,yes,398a3020943f1ae98987e5b12b73d9086bbba3ce
777,MOVE_MAX_STEELSPIKE,Gen 8,138,MOVE_EFFECT_RAISE_DEF_HIT,mechanics/hg-engine/effects/effect_script_0138_*.s,yes,398a3020943f1ae98987e5b12b73d9086bbba3ce
778,MOVE_CLANGOROUS_SOUL,Gen 8,346,MOVE_EFFECT_RAISE_ALL_STATS_LOSE_THIRD_MAX_HP,mechanics/hg-engine/effects/effect_script_0346_*.s,no,398a3020943f1ae98987e5b12b73d9086bbba3ce
779,MOVE_BODY_PRESS,Gen 8,0,MOVE_EFFECT_HIT,mechanics/hg-engine/effects/effect_script_0000_*.s,no,398a3020943f1ae98987e5b12b73d9086bbba3ce
780,MOVE_DECORATE,Gen 8,386,MOVE_EFFECT_DECORATE,mechanics/hg-engine/effects/effect_script_0386_*.s,no,398a3020943f1ae98987e5b12b73d9086bbba3ce
781,MOVE_DRUM_BEATING,Gen 8,70,MOVE_EFFECT_LOWER_SPEED_HIT,mechanics/hg-engine/effects/effect_script_0070_*.s,no,398a3020943f1ae98987e5b12b73d9086bbba3ce
782,MOVE_SNAP_TRAP,Gen 8,42,MOVE_EFFECT_BIND_HIT,mechanics/hg-engine/effects/effect_script_0042_*.s,no,398a3020943f1ae98987e5b12b73d9086bbba3ce
783,MOVE_PYRO_BALL,Gen 8,4,MOVE_EFFECT_BURN_HIT,mechanics/hg-engine/effects/effect_script_0004_*.s,no,398a3020943f1ae98987e5b12b73d9086bbba3ce
784,MOVE_BEHEMOTH_BLADE,Gen 8,0,MOVE_EFFECT_HIT,mechanics/hg-engine/effects/effect_script_0000_*.s,no,398a3020943f1ae98987e5b12b73d9086bbba3ce
785,MOVE_BEHEMOTH_BASH,Gen 8,0,MOVE_EFFECT_HIT,mechanics/hg-engine/effects/effect_script_0000_*.s,no,398a3020943f1ae98987e5b12b73d9086bbba3ce
786,MOVE_AURA_WHEEL,Gen 8,285,MOVE_EFFECT_RAISE_SPEED_HIT,mechanics/hg-engine/effects/effect_script_0285_*.s,no,398a3020943f1ae98987e5b12b73d9086bbba3ce
787,MOVE_BREAKING_SWIPE,Gen 8,68,MOVE_EFFECT_LOWER_ATTACK_HIT,mechanics/hg-engine/effects/effect_script_0068_*.s,no,398a3020943f1ae98987e5b12b73d9086bbba3ce
788,MOVE_BRANCH_POKE,Gen 8,0,MOVE_EFFECT_HIT,mechanics/hg-engine/effects/effect_script_0000_*.s,no,398a3020943f1ae98987e5b12b73d9086bbba3ce
789,MOVE_OVERDRIVE,Gen 8,0,MOVE_EFFECT_HIT,mechanics/hg-engine/effects/effect_script_0000_*.s,no,398a3020943f1ae98987e5b12b73d9086bbba3ce
790,MOVE_APPLE_ACID,Gen 8,72,MOVE_EFFECT_LOWER_SP_DEF_HIT,mechanics/hg-engine/effects/effect_script_0072_*.s,no,398a3020943f1ae98987e5b12b73d9086bbba3ce
791,MOVE_GRAV_APPLE,Gen 8,69,MOVE_EFFECT_LOWER_DEFENSE_HIT,mechanics/hg-engine/effects/effect_script_0069_*.s,no,398a3020943f1ae98987e5b12b73d9086bbba3ce
792,MOVE_SPIRIT_BREAK,Gen 8,71,MOVE_EFFECT_LOWER_SP_ATK_HIT,mechanics/hg-engine/effects/effect_script_0071_*.s,no,398a3020943f1ae98987e5b12b73d9086bbba3ce
793,MOVE_STRANGE_STEAM,Gen 8,76,MOVE_EFFECT_CONFUSE_HIT,mechanics/hg-engine/effects/effect_script_0076_*.s,no,398a3020943f1ae98987e5b12b73d9086bbba3ce
794,MOVE_LIFE_DEW,Gen 8,383,MOVE_EFFECT_LIFE_DEW,mechanics/hg-engine/effects/effect_script_0383_*.s,no,398a3020943f1ae98987e5b12b73d9086bbba3ce
795,MOVE_OBSTRUCT,Gen 8,111,MOVE_EFFECT_PROTECT,mechanics/hg-engine/effects/effect_script_0111_*.s,no,398a3020943f1ae98987e5b12b73d9086bbba3ce
796,MOVE_FALSE_SURRENDER,Gen 8,17,MOVE_EFFECT_BYPASS_ACCURACY,mechanics/hg-engine/effects/effect_script_0017_*.s,no,398a3020943f1ae98987e5b12b73d9086bbba3ce
797,MOVE_METEOR_ASSAULT,Gen 8,80,MOVE_EFFECT_RECHARGE_AFTER,mechanics/hg-engine/effects/effect_script_0080_*.s,no,398a3020943f1ae98987e5b12b73d9086bbba3ce
798,MOVE_ETERNABEAM,Gen 8,80,MOVE_EFFECT_RECHARGE_AFTER,mechanics/hg-engine/effects/effect_script_0080_*.s,no,398a3020943f1ae98987e5b12b73d9086bbba3ce
799,MOVE_STEEL_BEAM,Gen 8,408,MOVE_EFFECT_STEEL_BEAM,mechanics/hg-engine/effects/effect_script_0408_*.s,no,398a3020943f1ae98987e5b12b73d9086bbba3ce
800,MOVE_EXPANDING_FORCE,Gen 8,0,MOVE_EFFECT_HIT,mechanics/hg-engine/effects/effect_script_0000_*.s,no,398a3020943f1ae98987e5b12b73d9086bbba3ce
801,MOVE_STEEL_ROLLER,Gen 8,387,MOVE_EFFECT_END_TERRAIN,mechanics/hg-engine/effects/effect_script_0387_*.s,no,398a3020943f1ae98987e5b12b73d9086bbba3ce
802,MOVE_SCALE_SHOT,Gen 8,29,MOVE_EFFECT_MULTI_HIT,mechanics/hg-engine/effects/effect_script_0029_*.s,no,398a3020943f1ae98987e5b12b73d9086bbba3ce
803,MOVE_METEOR_BEAM,Gen 8,324,MOVE_EFFECT_CHARGE_TURN_SP_ATK_UP,mechanics/hg-engine/effects/effect_script_0324_*.s,no,398a3020943f1ae98987e5b12b73d9086bbba3ce
804,MOVE_SHELL_SIDE_ARM,Gen 8,0,MOVE_EFFECT_HIT,mechanics/hg-engine/effects/effect_script_0000_*.s,yes,398a3020943f1ae98987e5b12b73d9086bbba3ce
805,MOVE_MISTY_EXPLOSION,Gen 8,7,MOVE_EFFECT_HALVE_DEFENSE,mechanics/hg-engine/effects/effect_script_0007_*.s,no,398a3020943f1ae98987e5b12b73d9086bbba3ce
806,MOVE_GRASSY_GLIDE,Gen 8,0,MOVE_EFFECT_HIT,mechanics/hg-engine/effects/effect_script_0000_*.s,no,398a3020943f1ae98987e5b12b73d9086bbba3ce
807,MOVE_RISING_VOLTAGE,Gen 8,0,MOVE_EFFECT_HIT,mechanics/hg-engine/effects/effect_script_0000_*.s,no,398a3020943f1ae98987e5b12b73d9086bbba3ce
808,MOVE_TERRAIN_PULSE,Gen 8,0,MOVE_EFFECT_HIT,mechanics/hg-engine/effects/effect_script_0000_*.s,no,398a3020943f1ae98987e5b12b73d9086bbba3ce
809,MOVE_SKITTER_SMACK,Gen 8,71,MOVE_EFFECT_LOWER_SP_ATK_HIT,mechanics/hg-engine/effects/effect_script_0071_*.s,no,398a3020943f1ae98987e5b12b73d9086bbba3ce
810,MOVE_BURNING_JEALOUSY,Gen 8,4,MOVE_EFFECT_BURN_HIT,mechanics/hg-engine/effects/effect_script_0004_*.s,yes,398a3020943f1ae98987e5b12b73d9086bbba3ce
811,MOVE_LASH_OUT,Gen 8,0,MOVE_EFFECT_HIT,mechanics/hg-engine/effects/effect_script_0000_*.s,no,398a3020943f1ae98987e5b12b73d9086bbba3ce
812,MOVE_POLTERGEIST,Gen 8,345,MOVE_EFFECT_POLTERGEIST,mechanics/hg-engine/effects/effect_script_0345_*.s,no,398a3020943f1ae98987e5b12b73d9086bbba3ce
813,MOVE_CORROSIVE_GAS,Gen 8,0,MOVE_EFFECT_HIT,mechanics/hg-engine/effects/effect_script_0000_*.s,yes,398a3020943f1ae98987e5b12b73d9086bbba3ce
814,MOVE_COACHING,Gen 8,381,MOVE_EFFECT_COACHING,mechanics/hg-engine/effects/effect_script_0381_*.s,no,398a3020943f1ae98987e5b12b73d9086bbba3ce
815,MOVE_FLIP_TURN,Gen 8,228,MOVE_EFFECT_SWITCH_HIT,mechanics/hg-engine/effects/effect_script_0228_*.s,no,398a3020943f1ae98987e5b12b73d9086bbba3ce
816,MOVE_TRIPLE_AXEL,Gen 8,298,MOVE_EFFECT_HIT_THREE_TIMES_INCREMENT_BASE_POWER_20,mechanics/hg-engine/effects/effect_script_0298_*.s,no,398a3020943f1ae98987e5b12b73d9086bbba3ce
817,MOVE_DUAL_WINGBEAT,Gen 8,44,MOVE_EFFECT_HIT_TWICE,mechanics/hg-engine/effects/effect_script_0044_*.s,no,398a3020943f1ae98987e5b12b73d9086bbba3ce
818,MOVE_SCORCHING_SANDS,Gen 8,4,MOVE_EFFECT_BURN_HIT,mechanics/hg-engine/effects/effect_script_0004_*.s,no,398a3020943f1ae98987e5b12b73d9086bbba3ce
819,MOVE_JUNGLE_HEALING,Gen 8,0,MOVE_EFFECT_HIT,mechanics/hg-engine/effects/effect_script_0000_*.s,yes,398a3020943f1ae98987e5b12b73d9086bbba3ce
820,MOVE_WICKED_BLOW,Gen 8,282,MOVE_EFFECT_ALWAYS_CRITICAL,mechanics/hg-engine/effects/effect_script_0282_*.s,no,398a3020943f1ae98987e5b12b73d9086bbba3ce
821,MOVE_SURGING_STRIKES,Gen 8,366,MOVE_EFFECT_HIT_THREE_TIMES_ALWAYS_CRITICAL,mechanics/hg-engine/effects/effect_script_0366_*.s,no,398a3020943f1ae98987e5b12b73d9086bbba3ce
822,MOVE_THUNDER_CAGE,Gen 8,42,MOVE_EFFECT_BIND_HIT,mechanics/hg-engine/effects/effect_script_0042_*.s,no,398a3020943f1ae98987e5b12b73d9086bbba3ce
823,MOVE_DRAGON_ENERGY,Gen 8,190,MOVE_EFFECT_DECREASE_POWER_WITH_LESS_USER_HP,mechanics/hg-engine/effects/effect_script_0190_*.s,no,398a3020943f1ae98987e5b12b73d9086bbba3ce
824,MOVE_FREEZING_GLARE,Gen 8,5,MOVE_EFFECT_FREEZE_HIT,mechanics/hg-engine/effects/effect_script_0005_*.s,no,398a3020943f1ae98987e5b12b73d9086bbba3ce
825,MOVE_FIERY_WRATH,Gen 8,31,MOVE_EFFECT_FLINCH_HIT,mechanics/hg-engine/effects/effect_script_0031_*.s,no,398a3020943f1ae98987e5b12b73d9086bbba3ce
826,MOVE_THUNDEROUS_KICK,Gen 8,69,MOVE_EFFECT_LOWER_DEFENSE_HIT,mechanics/hg-engine/effects/effect_script_0069_*.s,no,398a3020943f1ae98987e5b12b73d9086bbba3ce
827,MOVE_GLACIAL_LANCE,Gen 8,0,MOVE_EFFECT_HIT,mechanics/hg-engine/effects/effect_script_0000_*.s,no,398a3020943f1ae98987e5b12b73d9086bbba3ce
828,MOVE_ASTRAL_BARRAGE,Gen 8,0,MOVE_EFFECT_HIT,mechanics/hg-engine/effects/effect_script_0000_*.s,no,398a3020943f1ae98987e5b12b73d9086bbba3ce
829,MOVE_EERIE_SPELL,Gen 8,0,MOVE_EFFECT_HIT,mechanics/hg-engine/effects/effect_script_0000_*.s,yes,398a3020943f1ae98987e5b12b73d9086bbba3ce
830,MOVE_DIRE_CLAW,Gen 8,350,MOVE_EFFECT_SLEEP_POISON_PARALYZE_HIT,mechanics/hg-engine/effects/effect_script_0350_*.s,no,398a3020943f1ae98987e5b12b73d9086bbba3ce
831,MOVE_PSYSHIELD_BASH,Gen 8,138,MOVE_EFFECT_RAISE_DEF_HIT,mechanics/hg-engine/effects/effect_script_0138_*.s,no,398a3020943f1ae98987e5b12b73d9086bbba3ce
832,MOVE_POWER_SHIFT,Gen 8,238,MOVE_EFFECT_SWAP_ATK_DEF,mechanics/hg-engine/effects/effect_script_0238_*.s,no,398a3020943f1ae98987e5b12b73d9086bbba3ce
833,MOVE_STONE_AXE,Gen 8,353,MOVE_EFFECT_STEALTH_ROCK_HIT,mechanics/hg-engine/effects/effect_script_0353_*.s,no,398a3020943f1ae98987e5b12b73d9086bbba3ce
834,MOVE_SPRINGTIDE_STORM,Gen 8,68,MOVE_EFFECT_LOWER_ATTACK_HIT,mechanics/hg-engine/effects/effect_script_0068_*.s,no,398a3020943f1ae98987e5b12b73d9086bbba3ce
835,MOVE_MYSTICAL_POWER,Gen 8,276,MOVE_EFFECT_RAISE_SP_ATK_HIT,mechanics/hg-engine/effects/effect_script_0276_*.s,no,398a3020943f1ae98987e5b12b73d9086bbba3ce
836,MOVE_RAGING_FURY,Gen 8,27,MOVE_EFFECT_CONTINUE_AND_CONFUSE_SELF,mechanics/hg-engine/effects/effect_script_0027_*.s,no,398a3020943f1ae98987e5b12b73d9086bbba3ce
837,MOVE_WAVE_CRASH,Gen 8,198,MOVE_EFFECT_RECOIL_THIRD,mechanics/hg-engine/effects/effect_script_0198_*.s,no,398a3020943f1ae98987e5b12b73d9086bbba3ce
838,MOVE_CHLOROBLAST,Gen 8,403,MOVE_EFFECT_RECOIL_HALF_MAX_HP,mechanics/hg-engine/effects/effect_script_0403_*.s,no,398a3020943f1ae98987e5b12b73d9086bbba3ce
839,MOVE_MOUNTAIN_GALE,Gen 8,31,MOVE_EFFECT_FLINCH_HIT,mechanics/hg-engine/effects/effect_script_0031_*.s,no,398a3020943f1ae98987e5b12b73d9086bbba3ce
840,MOVE_VICTORY_DANCE,Gen 8,344,MOVE_EFFECT_ATK_DEF_SPEED_UP,mechanics/hg-engine/effects/effect_script_0344_*.s,no,398a3020943f1ae98987e5b12b73d9086bbba3ce
841,MOVE_HEADLONG_RUSH,Gen 8,229,MOVE_EFFECT_USER_DEF_SP_DEF_DOWN_HIT,mechanics/hg-engine/effects/effect_script_0229_*.s,no,398a3020943f1ae98987e5b12b73d9086bbba3ce
842,MOVE_BARB_BARRAGE,Gen 8,322,MOVE_EFFECT_POISON_HIT_DOUBLE_POWER_ON_POISONED,mechanics/hg-engine/effects/effect_script_0322_*.s,no,398a3020943f1ae98987e5b12b73d9086bbba3ce
843,MOVE_ESPER_WING,Gen 8,368,MOVE_EFFECT_HIGH_CRITICAL_RAISE_SPEED_HIT,mechanics/hg-engine/effects/effect_script_0368_*.s,no,398a3020943f1ae98987e5b12b73d9086bbba3ce
844,MOVE_BITTER_MALICE,Gen 8,68,MOVE_EFFECT_LOWER_ATTACK_HIT,mechanics/hg-engine/effects/effect_script_0068_*.s,no,398a3020943f1ae98987e5b12b73d9086bbba3ce
845,MOVE_SHELTER,Gen 8,51,MOVE_EFFECT_DEF_UP_2,mechanics/hg-engine/effects/effect_script_0051_*.s,no,398a3020943f1ae98987e5b12b73d9086bbba3ce
846,MOVE_TRIPLE_ARROWS,Gen 8,0,MOVE_EFFECT_HIT,mechanics/hg-engine/effects/effect_script_0000_*.s,yes,398a3020943f1ae98987e5b12b73d9086bbba3ce
847,MOVE_INFERNAL_PARADE,Gen 8,321,MOVE_EFFECT_BURN_HIT_DOUBLE_POWER_ON_STATUS,mechanics/hg-engine/effects/effect_script_0321_*.s,no,398a3020943f1ae98987e5b12b73d9086bbba3ce
848,MOVE_CEASELESS_EDGE,Gen 8,354,MOVE_EFFECT_SET_SPIKES_HIT,mechanics/hg-engine/effects/effect_script_0354_*.s,no,398a3020943f1ae98987e5b12b73d9086bbba3ce
849,MOVE_BLEAKWIND_STORM,Gen 8,356,MOVE_EFFECT_BLEAKWIND_STORM,mechanics/hg-engine/effects/effect_script_0356_*.s,no,398a3020943f1ae98987e5b12b73d9086bbba3ce
850,MOVE_WILDBOLT_STORM,Gen 8,357,MOVE_EFFECT_WILDBOLT_STORM,mechanics/hg-engine/effects/effect_script_0357_*.s,no,398a3020943f1ae98987e5b12b73d9086bbba3ce
851,MOVE_SANDSEAR_STORM,Gen 8,358,MOVE_EFFECT_SANDSEAR_STORM,mechanics/hg-engine/effects/effect_script_0358_*.s,no,398a3020943f1ae98987e5b12b73d9086bbba3ce
852,MOVE_LUNAR_BLESSING,Gen 8,0,MOVE_EFFECT_HIT,mechanics/hg-engine/effects/effect_script_0000_*.s,yes,398a3020943f1ae98987e5b12b73d9086bbba3ce
853,MOVE_TAKE_HEART,Gen 8,367,MOVE_EFFECT_TAKE_HEART,mechanics/hg-engine/effects/effect_script_0367_*.s,no,398a3020943f1ae98987e5b12b73d9086bbba3ce
854,MOVE_TERA_BLAST,Gen 9,0,MOVE_EFFECT_HIT,mechanics/hg-engine/effects/effect_script_0000_*.s,yes,398a3020943f1ae98987e5b12b73d9086bbba3ce
855,MOVE_SILK_TRAP,Gen 9,111,MOVE_EFFECT_PROTECT,mechanics/hg-engine/effects/effect_script_0111_*.s,no,398a3020943f1ae98987e5b12b73d9086bbba3ce
856,MOVE_AXE_KICK,Gen 9,293,MOVE_EFFECT_CONFUSE_HIT_CRASH_ON_MISS,mechanics/hg-engine/effects/effect_script_0293_*.s,no,398a3020943f1ae98987e5b12b73d9086bbba3ce
857,MOVE_LAST_RESPECTS,Gen 9,0,MOVE_EFFECT_HIT,mechanics/hg-engine/effects/effect_script_0000_*.s,yes,398a3020943f1ae98987e5b12b73d9086bbba3ce
858,MOVE_LUMINA_CRASH,Gen 9,271,MOVE_EFFECT_LOWER_SP_DEF_2_HIT,mechanics/hg-engine/effects/effect_script_0271_*.s,no,398a3020943f1ae98987e5b12b73d9086bbba3ce
859,MOVE_ORDER_UP,Gen 9,0,MOVE_EFFECT_HIT,mechanics/hg-engine/effects/effect_script_0000_*.s,yes,398a3020943f1ae98987e5b12b73d9086bbba3ce
860,MOVE_JET_PUNCH,Gen 9,103,MOVE_EFFECT_PRIORITY_1,mechanics/hg-engine/effects/effect_script_0103_*.s,no,398a3020943f1ae98987e5b12b73d9086bbba3ce
861,MOVE_SPICY_EXTRACT,Gen 9,302,MOVE_EFFECT_SPICY_EXTRACT,mechanics/hg-engine/effects/effect_script_0302_*.s,no,398a3020943f1ae98987e5b12b73d9086bbba3ce
862,MOVE_SPIN_OUT,Gen 9,355,MOVE_EFFECT_USER_SPEED_DOWN_2_HIT,mechanics/hg-engine/effects/effect_script_0355_*.s,no,398a3020943f1ae98987e5b12b73d9086bbba3ce
863,MOVE_POPULATION_BOMB,Gen 9,297,MOVE_EFFECT_UP_TO_10_HITS,mechanics/hg-engine/effects/effect_script_0297_*.s,no,398a3020943f1ae98987e5b12b73d9086bbba3ce
864,MOVE_ICE_SPINNER,Gen 9,387,MOVE_EFFECT_END_TERRAIN,mechanics/hg-engine/effects/effect_script_0387_*.s,no,398a3020943f1ae98987e5b12b73d9086bbba3ce
865,MOVE_GLAIVE_RUSH,Gen 9,400,MOVE_EFFECT_GLAIVE_RUSH,mechanics/hg-engine/effects/effect_script_0400_*.s,no,398a3020943f1ae98987e5b12b73d9086bbba3ce
866,MOVE_REVIVAL_BLESSING,Gen 9,0,MOVE_EFFECT_HIT,mechanics/hg-engine/effects/effect_script_0000_*.s,yes,398a3020943f1ae98987e5b12b73d9086bbba3ce
867,MOVE_SALT_CURE,Gen 9,0,MOVE_EFFECT_HIT,mechanics/hg-engine/effects/effect_script_0000_*.s,yes,398a3020943f1ae98987e5b12b73d9086bbba3ce
868,MOVE_TRIPLE_DIVE,Gen 9,299,MOVE_EFFECT_HIT_THREE_TIMES,mechanics/hg-engine/effects/effect_script_0299_*.s,no,398a3020943f1ae98987e5b12b73d9086bbba3ce
869,MOVE_MORTAL_SPIN,Gen 9,369,MOVE_EFFECT_MORTAL_SPIN,mechanics/hg-engine/effects/effect_script_0369_*.s,no,398a3020943f1ae98987e5b12b73d9086bbba3ce
870,MOVE_DOODLE,Gen 9,0,MOVE_EFFECT_HIT,mechanics/hg-engine/effects/effect_script_0000_*.s,yes,398a3020943f1ae98987e5b12b73d9086bbba3ce
871,MOVE_FILLET_AWAY,Gen 9,303,MOVE_EFFECT_ATK_SP_ATK_SPEED_UP_2_LOSE_HALF_MAX_HP,mechanics/hg-engine/effects/effect_script_0303_*.s,no,398a3020943f1ae98987e5b12b73d9086bbba3ce
872,MOVE_KOWTOW_CLEAVE,Gen 9,17,MOVE_EFFECT_BYPASS_ACCURACY,mechanics/hg-engine/effects/effect_script_0017_*.s,no,398a3020943f1ae98987e5b12b73d9086bbba3ce
873,MOVE_FLOWER_TRICK,Gen 9,282,MOVE_EFFECT_ALWAYS_CRITICAL,mechanics/hg-engine/effects/effect_script_0282_*.s,no,398a3020943f1ae98987e5b12b73d9086bbba3ce
874,MOVE_TORCH_SONG,Gen 9,276,MOVE_EFFECT_RAISE_SP_ATK_HIT,mechanics/hg-engine/effects/effect_script_0276_*.s,no,398a3020943f1ae98987e5b12b73d9086bbba3ce
875,MOVE_AQUA_STEP,Gen 9,285,MOVE_EFFECT_RAISE_SPEED_HIT,mechanics/hg-engine/effects/effect_script_0285_*.s,no,398a3020943f1ae98987e5b12b73d9086bbba3ce
876,MOVE_RAGING_BULL,Gen 9,186,MOVE_EFFECT_REMOVE_SCREENS,mechanics/hg-engine/effects/effect_script_0186_*.s,no,398a3020943f1ae98987e5b12b73d9086bbba3ce
877,MOVE_MAKE_IT_RAIN,Gen 9,360,MOVE_EFFECT_MAKE_IT_RAIN,mechanics/hg-engine/effects/effect_script_0360_*.s,no,398a3020943f1ae98987e5b12b73d9086bbba3ce
878,MOVE_PSYBLADE,Gen 9,300,MOVE_EFFECT_PSYBLADE,mechanics/hg-engine/effects/effect_script_0300_*.s,no,398a3020943f1ae98987e5b12b73d9086bbba3ce
879,MOVE_HYDRO_STEAM,Gen 9,0,MOVE_EFFECT_HIT,mechanics/hg-engine/effects/effect_script_0000_*.s,no,398a3020943f1ae98987e5b12b73d9086bbba3ce
880,MOVE_RUINATION,Gen 9,40,MOVE_EFFECT_HALVE_HP,mechanics/hg-engine/effects/effect_script_0040_*.s,no,398a3020943f1ae98987e5b12b73d9086bbba3ce
881,MOVE_COLLISION_COURSE,Gen 9,0,MOVE_EFFECT_HIT,mechanics/hg-engine/effects/effect_script_0000_*.s,no,398a3020943f1ae98987e5b12b73d9086bbba3ce
882,MOVE_ELECTRO_DRIFT,Gen 9,0,MOVE_EFFECT_HIT,mechanics/hg-engine/effects/effect_script_0000_*.s,no,398a3020943f1ae98987e5b12b73d9086bbba3ce
883,MOVE_SHED_TAIL,Gen 9,304,MOVE_EFFECT_SHED_TAIL,mechanics/hg-engine/effects/effect_script_0304_*.s,no,398a3020943f1ae98987e5b12b73d9086bbba3ce
884,MOVE_CHILLY_RECEPTION,Gen 9,0,MOVE_EFFECT_HIT,mechanics/hg-engine/effects/effect_script_0000_*.s,yes,398a3020943f1ae98987e5b12b73d9086bbba3ce
885,MOVE_TIDY_UP,Gen 9,370,MOVE_EFFECT_TIDY_UP,mechanics/hg-engine/effects/effect_script_0370_*.s,no,398a3020943f1ae98987e5b12b73d9086bbba3ce
886,MOVE_SNOWSCAPE,Gen 9,319,MOVE_EFFECT_WEATHER_SNOW,mechanics/hg-engine/effects/effect_script_0319_*.s,no,398a3020943f1ae98987e5b12b73d9086bbba3ce
887,MOVE_POUNCE,Gen 9,70,MOVE_EFFECT_LOWER_SPEED_HIT,mechanics/hg-engine/effects/effect_script_0070_*.s,no,398a3020943f1ae98987e5b12b73d9086bbba3ce
888,MOVE_TRAILBLAZE,Gen 9,285,MOVE_EFFECT_RAISE_SPEED_HIT,mechanics/hg-engine/effects/effect_script_0285_*.s,no,398a3020943f1ae98987e5b12b73d9086bbba3ce
889,MOVE_CHILLING_WATER,Gen 9,68,MOVE_EFFECT_LOWER_ATTACK_HIT,mechanics/hg-engine/effects/effect_script_0068_*.s,no,398a3020943f1ae98987e5b12b73d9086bbba3ce
890,MOVE_HYPER_DRILL,Gen 9,0,MOVE_EFFECT_HIT,mechanics/hg-engine/effects/effect_script_0000_*.s,no,398a3020943f1ae98987e5b12b73d9086bbba3ce
891,MOVE_TWIN_BEAM,Gen 9,44,MOVE_EFFECT_HIT_TWICE,mechanics/hg-engine/effects/effect_script_0044_*.s,no,398a3020943f1ae98987e5b12b73d9086bbba3ce
892,MOVE_RAGE_FIST,Gen 9,0,MOVE_EFFECT_HIT,mechanics/hg-engine/effects/effect_script_0000_*.s,yes,398a3020943f1ae98987e5b12b73d9086bbba3ce
893,MOVE_ARMOR_CANNON,Gen 9,229,MOVE_EFFECT_USER_DEF_SP_DEF_DOWN_HIT,mechanics/hg-engine/effects/effect_script_0229_*.s,no,398a3020943f1ae98987e5b12b73d9086bbba3ce
894,MOVE_BITTER_BLADE,Gen 9,3,MOVE_EFFECT_RECOVER_HALF_DAMAGE_DEALT,mechanics/hg-engine/effects/effect_script_0003_*.s,no,398a3020943f1ae98987e5b12b73d9086bbba3ce
895,MOVE_DOUBLE_SHOCK,Gen 9,394,MOVE_EFFECT_REMOVE_USER_ELECTRIC_TYPE_HIT,mechanics/hg-engine/effects/effect_script_0394_*.s,no,398a3020943f1ae98987e5b12b73d9086bbba3ce
896,MOVE_GIGATON_HAMMER,Gen 9,0,MOVE_EFFECT_HIT,mechanics/hg-engine/effects/effect_script_0000_*.s,no,398a3020943f1ae98987e5b12b73d9086bbba3ce
897,MOVE_COMEUPPANCE,Gen 9,227,MOVE_EFFECT_METAL_BURST,mechanics/hg-engine/effects/effect_script_0227_*.s,no,398a3020943f1ae98987e5b12b73d9086bbba3ce
898,MOVE_AQUA_CUTTER,Gen 9,43,MOVE_EFFECT_HIGH_CRITICAL,mechanics/hg-engine/effects/effect_script_0043_*.s,no,398a3020943f1ae98987e5b12b73d9086bbba3ce
899,MOVE_BLAZING_TORQUE,Gen 9,4,MOVE_EFFECT_BURN_HIT,mechanics/hg-engine/effects/effect_script_0004_*.s,no,398a3020943f1ae98987e5b12b73d9086bbba3ce
900,MOVE_WICKED_TORQUE,Gen 9,301,MOVE_EFFECT_SLEEP_HIT,mechanics/hg-engine/effects/effect_script_0301_*.s,no,398a3020943f1ae98987e5b12b73d9086bbba3ce
901,MOVE_NOXIOUS_TORQUE,Gen 9,2,MOVE_EFFECT_POISON_HIT,mechanics/hg-engine/effects/effect_script_0002_*.s,no,398a3020943f1ae98987e5b12b73d9086bbba3ce
902,MOVE_COMBAT_TORQUE,Gen 9,6,MOVE_EFFECT_PARALYZE_HIT,mechanics/hg-engine/effects/effect_script_0006_*.s,no,398a3020943f1ae98987e5b12b73d9086bbba3ce
903,MOVE_MAGICAL_TORQUE,Gen 9,76,MOVE_EFFECT_CONFUSE_HIT,mechanics/hg-engine/effects/effect_script_0076_*.s,no,398a3020943f1ae98987e5b12b73d9086bbba3ce
904,MOVE_BLOOD_MOON,Gen 9,0,MOVE_EFFECT_HIT,mechanics/hg-engine/effects/effect_script_0000_*.s,no,398a3020943f1ae98987e5b12b73d9086bbba3ce
905,MOVE_MATCHA_GOTCHA,Gen 9,348,MOVE_EFFECT_RECOVER_HALF_DAMAGE_DEALT_BURN_HIT,mechanics/hg-engine/effects/effect_script_0348_*.s,no,398a3020943f1ae98987e5b12b73d9086bbba3ce
906,MOVE_SYRUP_BOMB,Gen 9,0,MOVE_EFFECT_HIT,mechanics/hg-engine/effects/effect_script_0000_*.s,yes,398a3020943f1ae98987e5b12b73d9086bbba3ce
907,MOVE_IVY_CUDGEL,Gen 9,0,MOVE_EFFECT_HIT,mechanics/hg-engine/effects/effect_script_0000_*.s,no,398a3020943f1ae98987e5b12b73d9086bbba3ce
908,MOVE_ELECTRO_SHOT,Gen 9,325,MOVE_EFFECT_CHARGE_TURN_SP_ATK_UP_RAIN_SKIPS,mechanics/hg-engine/effects/effect_script_0325_*.s,no,398a3020943f1ae98987e5b12b73d9086bbba3ce
909,MOVE_TERA_STARSTORM,Gen 9,0,MOVE_EFFECT_HIT,mechanics/hg-engine/effects/effect_script_0000_*.s,yes,398a3020943f1ae98987e5b12b73d9086bbba3ce
910,MOVE_FICKLE_BEAM,Gen 9,349,MOVE_EFFECT_FICKLE_BEAM,mechanics/hg-engine/effects/effect_script_0349_*.s,no,398a3020943f1ae98987e5b12b73d9086bbba3ce
911,MOVE_BURNING_BULWARK,Gen 9,111,MOVE_EFFECT_PROTECT,mechanics/hg-engine/effects/effect_script_0111_*.s,no,398a3020943f1ae98987e5b12b73d9086bbba3ce
912,MOVE_THUNDERCLAP,Gen 9,248,MOVE_EFFECT_HIT_FIRST_IF_TARGET_ATTACKING,mechanics/hg-engine/effects/effect_script_0248_*.s,no,398a3020943f1ae98987e5b12b73d9086bbba3ce
913,MOVE_MIGHTY_CLEAVE,Gen 9,405,MOVE_EFFECT_IGNORE_PROTECT,mechanics/hg-engine/effects/effect_script_0405_*.s,no,398a3020943f1ae98987e5b12b73d9086bbba3ce
914,MOVE_TACHYON_CUTTER,Gen 9,44,MOVE_EFFECT_HIT_TWICE,mechanics/hg-engine/effects/effect_script_0044_*.s,no,398a3020943f1ae98987e5b12b73d9086bbba3ce
915,MOVE_HARD_PRESS,Gen 9,0,MOVE_EFFECT_HIT,mechanics/hg-engine/effects/effect_script_0000_*.s,yes,398a3020943f1ae98987e5b12b73d9086bbba3ce
916,MOVE_DRAGON_CHEER,Gen 9,0,MOVE_EFFECT_HIT,mechanics/hg-engine/effects/effect_script_0000_*.s,yes,398a3020943f1ae98987e5b12b73d9086bbba3ce
917,MOVE_ALLURING_VOICE,Gen 9,0,MOVE_EFFECT_HIT,mechanics/hg-engine/effects/effect_script_0000_*.s,yes,398a3020943f1ae98987e5b12b73d9086bbba3ce
918,MOVE_TEMPER_FLARE,Gen 9,0,MOVE_EFFECT_HIT,mechanics/hg-engine/effects/effect_script_0000_*.s,no,398a3020943f1ae98987e5b12b73d9086bbba3ce
919,MOVE_SUPERCELL_SLAM,Gen 9,45,MOVE_EFFECT_CRASH_ON_MISS,mechanics/hg-engine/effects/effect_script_0045_*.s,no,398a3020943f1ae98987e5b12b73d9086bbba3ce
920,MOVE_PSYCHIC_NOISE,Gen 9,320,MOVE_EFFECT_PREVENT_HEALING_HIT,mechanics/hg-engine/effects/effect_script_0320_*.s,no,398a3020943f1ae98987e5b12b73d9086bbba3ce
921,MOVE_UPPER_HAND,Gen 9,0,MOVE_EFFECT_HIT,mechanics/hg-engine/effects/effect_script_0000_*.s,yes,398a3020943f1ae98987e5b12b73d9086bbba3ce
922,MOVE_MALIGNANT_CHAIN,Gen 9,202,MOVE_EFFECT_BADLY_POISON_HIT,mechanics/hg-engine/effects/effect_script_0202_*.s,no,398a3020943f1ae98987e5b12b73d9086bbba3ce
