"command","opcode_decimal","opcode_hex","implementation_function","implementation_path","dispatch_kind","hook_status","engine_note","source_commit"
"AddEntryHazardToQueue","257","0x101","btl_scr_cmd_101_addentryhazardtoqueue","src/battle/battle_script_commands.c","hg-engine new command table","source implementation","Converts the battler selector to a side and queues the requested hazard through BattleContext_AddEntryHazardToQueue.","398a3020943f1ae98987e5b12b73d9086bbba3ce"
"ChangeExecutionOrderPriority","246","0xF6","btl_scr_cmd_F6_changeexecutionorderpriority","src/battle/battle_script_commands.c","hg-engine new command table","source implementation","Used by After You and Quash; rejects already-acted targets and writes the requested forced execution-order flag.","398a3020943f1ae98987e5b12b73d9086bbba3ce"
"ChangeStatStage","51","0x33","btl_scr_cmd_33_statbuffchange","src/individual/btl_scr_cmd_33_statbuffchange.c","vanilla opcode replaced by hg-engine hook","hooks -> 080074B8","Central stat engine; decodes stage deltas and handles Simple, Contrary, cap/failure paths, and Defiant/Competitive trigger state.","398a3020943f1ae98987e5b12b73d9086bbba3ce"
"CheckCanActivateDefiantOrCompetitive","255","0xFF","btl_scr_cmd_FF_checkcanactivatedefiantorcompetitive","src/battle/battle_script_commands.c","hg-engine new command table","source implementation","Checks the pending Defiant/Competitive flag, HP and move/server state, then branches to the appropriate ability handler when its boosted stat is not capped.","398a3020943f1ae98987e5b12b73d9086bbba3ce"
"HandleMagicPowder","271","0x10F","btl_scr_cmd_10F_HandleMagicPowder","src/battle/battle_script_commands.c","hg-engine new command table","source implementation","If the defender is not Terastallized, changes it to pure Psychic and records magicPowderFlag.","398a3020943f1ae98987e5b12b73d9086bbba3ce"
"HandleSoak","270","0x10E","btl_scr_cmd_10E_HandleSoak","src/battle/battle_script_commands.c","hg-engine new command table","source implementation","If the defender is not Terastallized, changes it to pure Water and records soakFlag.","398a3020943f1ae98987e5b12b73d9086bbba3ce"
"SetMoveConditionFlag","277","0x115","btl_scr_cmd_115_setMoveConditionFlag","src/battle/battle_script_commands.c","hg-engine new command table","source implementation","Stores modern per-battler state for Powder, Laser Focus, Glaive Rush and Throat Chop; Laser Focus/Throat Chop use two-turn timers and Throat Chop does not reset an active timer.","398a3020943f1ae98987e5b12b73d9086bbba3ce"
"StrengthSapCalc","264","0x108","btl_scr_cmd_108_strengthsapcalc","src/battle/battle_script_commands.c","hg-engine new command table","source implementation","Calculates healing from the defender's current Attack after applying its stat-stage multiplier and writes the result into hp_calc_work.","398a3020943f1ae98987e5b12b73d9086bbba3ce"
"TryLightScreen","81","0x51","BattleScriptCmdTable[81]","base HGSS battle engine","vanilla BattleScriptCmdTable","no hg-engine replacement hook found","The collected Light Screen subscript depends on this original engine command. No replacement implementation or hook was found in the pinned hg-engine source.","398a3020943f1ae98987e5b12b73d9086bbba3ce"
"TryPartyStatusRefresh","98","0x62","BattleScriptCmdTable[98]","base HGSS battle engine","vanilla BattleScriptCmdTable","no hg-engine replacement hook found","Heal Bell/Aromatherapy rely on this original engine command. No replacement implementation or hook was found in the pinned hg-engine source.","398a3020943f1ae98987e5b12b73d9086bbba3ce"
"TryReflect","82","0x52","BattleScriptCmdTable[82]","base HGSS battle engine","vanilla BattleScriptCmdTable","no hg-engine replacement hook found","Reflect still depends on the original HGSS command implementation; the collected subscript invokes this command and then the prepared-message animation path.","398a3020943f1ae98987e5b12b73d9086bbba3ce"
"TryProtection","100","0x64","BtlCmd_TryProtection","src/battle/battle_script_commands.c","vanilla opcode replaced by hg-engine hook","hooks -> 022413B4","Modern protection handler covers Protect, side-wide protection, Endure, ally-granted protection state, and protect-success counter rules.","398a3020943f1ae98987e5b12b73d9086bbba3ce"
"TryBreakScreens","133","0x85","BtlCmd_TryBreakScreens","src/battle/battle_script_commands.c","vanilla opcode replaced by hg-engine hook","hooks -> 02242E00","Removes Reflect, Light Screen, and Aurora Veil together and resets all three side-condition counters; otherwise jumps to the failure branch.","398a3020943f1ae98987e5b12b73d9086bbba3ce"
"TryAuroraVeil","262","0x106","btl_scr_cmd_106_tryauroraveil","src/battle/battle_script_commands.c","hg-engine new command table","source implementation","Installs Aurora Veil for five turns, extends duration with the screen-extending held-item effect, and prepares the side message; fail gating is delegated to BattleController_BeforeMove.c.","398a3020943f1ae98987e5b12b73d9086bbba3ce"
"StuffCheeks","276","0x114","btl_scr_cmd_114_stuffCheeks","src/battle/battle_script_commands.c","hg-engine new command table","source implementation","Selects the held Berry's effect subscript across HP, status, PP, confusion, pinch-stat and flavor-restore cases, with a noted upstream TODO for Ripen.","398a3020943f1ae98987e5b12b73d9086bbba3ce"
"ResetAllStatChanges","63","0x3F","BtlCmd_ResetAllStatChanges","src/battle/battle_script_commands.c","vanilla opcode replaced by hg-engine hook","hooks -> 0223FA1C","Resets stat stages for every active battler through reset_stat_changes.","398a3020943f1ae98987e5b12b73d9086bbba3ce"
"TryStickyWeb","252","0xFC","btl_scr_cmd_FC_trystickyweb","src/battle/battle_script_commands.c","hg-engine new command table","source implementation","Checks the defending side for an existing Sticky Web, sets no-pressure state on failure, or installs the Sticky Web side condition.","398a3020943f1ae98987e5b12b73d9086bbba3ce"
"TryCureStatusBerry","283","0x11B","btl_scr_cmd_11B_TryCureStatusBerry","src/battle/battle_script_commands.c","hg-engine new command table","source implementation","Finds the appropriate held-item status recovery subscript and records Berry consumption so Belch eligibility is preserved.","398a3020943f1ae98987e5b12b73d9086bbba3ce"
"TrySynchronizeStatus","282","0x11A","btl_scr_cmd_11A_TrySynchronizeStatus","src/battle/battle_script_commands.c","hg-engine new command table","source implementation","Resolves the Synchronize reflection subsequence and marks the resulting side effect as ability-driven, otherwise branches to failure.","398a3020943f1ae98987e5b12b73d9086bbba3ce"
"CheckTargetIsPartner","265","0x109","btl_scr_cmd_109_checktargetispartner","src/battle/battle_script_commands.c","hg-engine new command table","source implementation","Used by Pollen Puff; branches when the defender is the attacker's ally and updates the temporary battler for correct full-health messaging.","398a3020943f1ae98987e5b12b73d9086bbba3ce"
