ds_id,constant,generation,animation_path,upstream_commit
471,MOVE_HONE_CLAWS,Gen 5,armips/move/move_anim/471.s,398a3020943f1ae98987e5b12b73d9086bbba3ce
472,MOVE_WIDE_GUARD,Gen 5,armips/move/move_anim/472.s,398a3020943f1ae98987e5b12b73d9086bbba3ce
473,MOVE_GUARD_SPLIT,Gen 5,armips/move/move_anim/473.s,398a3020943f1ae98987e5b12b73d9086bbba3ce
474,MOVE_POWER_SPLIT,Gen 5,armips/move/move_anim/474.s,398a3020943f1ae98987e5b12b73d9086bbba3ce
475,MOVE_WONDER_ROOM,Gen 5,armips/move/move_anim/475.s,398a3020943f1ae98987e5b12b73d9086bbba3ce
476,MOVE_PSYSHOCK,Gen 5,armips/move/move_anim/476.s,398a3020943f1ae98987e5b12b73d9086bbba3ce
477,MOVE_VENOSHOCK,Gen 5,armips/move/move_anim/477.s,398a3020943f1ae98987e5b12b73d9086bbba3ce
478,MOVE_AUTOTOMIZE,Gen 5,armips/move/move_anim/478.s,398a3020943f1ae98987e5b12b73d9086bbba3ce
479,MOVE_RAGE_POWDER,Gen 5,armips/move/move_anim/479.s,398a3020943f1ae98987e5b12b73d9086bbba3ce
480,MOVE_TELEKINESIS,Gen 5,armips/move/move_anim/480.s,398a3020943f1ae98987e5b12b73d9086bbba3ce
481,MOVE_MAGIC_ROOM,Gen 5,armips/move/move_anim/481.s,398a3020943f1ae98987e5b12b73d9086bbba3ce
482,MOVE_SMACK_DOWN,Gen 5,armips/move/move_anim/482.s,398a3020943f1ae98987e5b12b73d9086bbba3ce
483,MOVE_STORM_THROW,Gen 5,armips/move/move_anim/483.s,398a3020943f1ae98987e5b12b73d9086bbba3ce
484,MOVE_FLAME_BURST,Gen 5,armips/move/move_anim/484.s,398a3020943f1ae98987e5b12b73d9086bbba3ce
485,MOVE_SLUDGE_WAVE,Gen 5,armips/move/move_anim/485.s,398a3020943f1ae98987e5b12b73d9086bbba3ce
486,MOVE_QUIVER_DANCE,Gen 5,armips/move/move_anim/486.s,398a3020943f1ae98987e5b12b73d9086bbba3ce
487,MOVE_HEAVY_SLAM,Gen 5,armips/move/move_anim/487.s,398a3020943f1ae98987e5b12b73d9086bbba3ce
488,MOVE_SYNCHRONOISE,Gen 5,armips/move/move_anim/488.s,398a3020943f1ae98987e5b12b73d9086bbba3ce
489,MOVE_ELECTRO_BALL,Gen 5,armips/move/move_anim/489.s,398a3020943f1ae98987e5b12b73d9086bbba3ce
490,MOVE_SOAK,Gen 5,armips/move/move_anim/490.s,398a3020943f1ae98987e5b12b73d9086bbba3ce
491,MOVE_FLAME_CHARGE,Gen 5,armips/move/move_anim/491.s,398a3020943f1ae98987e5b12b73d9086bbba3ce
492,MOVE_COIL,Gen 5,armips/move/move_anim/492.s,398a3020943f1ae98987e5b12b73d9086bbba3ce
493,MOVE_LOW_SWEEP,Gen 5,armips/move/move_anim/493.s,398a3020943f1ae98987e5b12b73d9086bbba3ce
494,MOVE_ACID_SPRAY,Gen 5,armips/move/move_anim/494.s,398a3020943f1ae98987e5b12b73d9086bbba3ce
495,MOVE_FOUL_PLAY,Gen 5,armips/move/move_anim/495.s,398a3020943f1ae98987e5b12b73d9086bbba3ce
496,MOVE_SIMPLE_BEAM,Gen 5,armips/move/move_anim/496.s,398a3020943f1ae98987e5b12b73d9086bbba3ce
497,MOVE_ENTRAINMENT,Gen 5,armips/move/move_anim/497.s,398a3020943f1ae98987e5b12b73d9086bbba3ce
498,MOVE_AFTER_YOU,Gen 5,armips/move/move_anim/498.s,398a3020943f1ae98987e5b12b73d9086bbba3ce
499,MOVE_ROUND,Gen 5,armips/move/move_anim/499.s,398a3020943f1ae98987e5b12b73d9086bbba3ce
500,MOVE_ECHOED_VOICE,Gen 5,armips/move/move_anim/500.s,398a3020943f1ae98987e5b12b73d9086bbba3ce
501,MOVE_CHIP_AWAY,Gen 5,armips/move/move_anim/501.s,398a3020943f1ae98987e5b12b73d9086bbba3ce
502,MOVE_CLEAR_SMOG,Gen 5,armips/move/move_anim/502.s,398a3020943f1ae98987e5b12b73d9086bbba3ce
503,MOVE_STORED_POWER,Gen 5,armips/move/move_anim/503.s,398a3020943f1ae98987e5b12b73d9086bbba3ce
504,MOVE_QUICK_GUARD,Gen 5,armips/move/move_anim/504.s,398a3020943f1ae98987e5b12b73d9086bbba3ce
505,MOVE_ALLY_SWITCH,Gen 5,armips/move/move_anim/505.s,398a3020943f1ae98987e5b12b73d9086bbba3ce
506,MOVE_SCALD,Gen 5,armips/move/move_anim/506.s,398a3020943f1ae98987e5b12b73d9086bbba3ce
507,MOVE_SHELL_SMASH,Gen 5,armips/move/move_anim/507.s,398a3020943f1ae98987e5b12b73d9086bbba3ce
508,MOVE_HEAL_PULSE,Gen 5,armips/move/move_anim/508.s,398a3020943f1ae98987e5b12b73d9086bbba3ce
509,MOVE_HEX,Gen 5,armips/move/move_anim/509.s,398a3020943f1ae98987e5b12b73d9086bbba3ce
510,MOVE_SKY_DROP,Gen 5,armips/move/move_anim/510.s,398a3020943f1ae98987e5b12b73d9086bbba3ce
511,MOVE_SHIFT_GEAR,Gen 5,armips/move/move_anim/511.s,398a3020943f1ae98987e5b12b73d9086bbba3ce
512,MOVE_CIRCLE_THROW,Gen 5,armips/move/move_anim/512.s,398a3020943f1ae98987e5b12b73d9086bbba3ce
513,MOVE_INCINERATE,Gen 5,armips/move/move_anim/513.s,398a3020943f1ae98987e5b12b73d9086bbba3ce
514,MOVE_QUASH,Gen 5,armips/move/move_anim/514.s,398a3020943f1ae98987e5b12b73d9086bbba3ce
515,MOVE_ACROBATICS,Gen 5,armips/move/move_anim/515.s,398a3020943f1ae98987e5b12b73d9086bbba3ce
516,MOVE_REFLECT_TYPE,Gen 5,armips/move/move_anim/516.s,398a3020943f1ae98987e5b12b73d9086bbba3ce
517,MOVE_RETALIATE,Gen 5,armips/move/move_anim/517.s,398a3020943f1ae98987e5b12b73d9086bbba3ce
518,MOVE_FINAL_GAMBIT,Gen 5,armips/move/move_anim/518.s,398a3020943f1ae98987e5b12b73d9086bbba3ce
519,MOVE_BESTOW,Gen 5,armips/move/move_anim/519.s,398a3020943f1ae98987e5b12b73d9086bbba3ce
520,MOVE_INFERNO,Gen 5,armips/move/move_anim/520.s,398a3020943f1ae98987e5b12b73d9086bbba3ce
521,MOVE_WATER_PLEDGE,Gen 5,armips/move/move_anim/521.s,398a3020943f1ae98987e5b12b73d9086bbba3ce
522,MOVE_FIRE_PLEDGE,Gen 5,armips/move/move_anim/522.s,398a3020943f1ae98987e5b12b73d9086bbba3ce
523,MOVE_GRASS_PLEDGE,Gen 5,armips/move/move_anim/523.s,398a3020943f1ae98987e5b12b73d9086bbba3ce
524,MOVE_VOLT_SWITCH,Gen 5,armips/move/move_anim/524.s,398a3020943f1ae98987e5b12b73d9086bbba3ce
525,MOVE_STRUGGLE_BUG,Gen 5,armips/move/move_anim/525.s,398a3020943f1ae98987e5b12b73d9086bbba3ce
526,MOVE_BULLDOZE,Gen 5,armips/move/move_anim/526.s,398a3020943f1ae98987e5b12b73d9086bbba3ce
527,MOVE_FROST_BREATH,Gen 5,armips/move/move_anim/527.s,398a3020943f1ae98987e5b12b73d9086bbba3ce
528,MOVE_DRAGON_TAIL,Gen 5,armips/move/move_anim/528.s,398a3020943f1ae98987e5b12b73d9086bbba3ce
529,MOVE_WORK_UP,Gen 5,armips/move/move_anim/529.s,398a3020943f1ae98987e5b12b73d9086bbba3ce
530,MOVE_ELECTROWEB,Gen 5,armips/move/move_anim/530.s,398a3020943f1ae98987e5b12b73d9086bbba3ce
531,MOVE_WILD_CHARGE,Gen 5,armips/move/move_anim/531.s,398a3020943f1ae98987e5b12b73d9086bbba3ce
532,MOVE_DRILL_RUN,Gen 5,armips/move/move_anim/532.s,398a3020943f1ae98987e5b12b73d9086bbba3ce
533,MOVE_DUAL_CHOP,Gen 5,armips/move/move_anim/533.s,398a3020943f1ae98987e5b12b73d9086bbba3ce
534,MOVE_HEART_STAMP,Gen 5,armips/move/move_anim/534.s,398a3020943f1ae98987e5b12b73d9086bbba3ce
535,MOVE_HORN_LEECH,Gen 5,armips/move/move_anim/535.s,398a3020943f1ae98987e5b12b73d9086bbba3ce
536,MOVE_SACRED_SWORD,Gen 5,armips/move/move_anim/536.s,398a3020943f1ae98987e5b12b73d9086bbba3ce
537,MOVE_RAZOR_SHELL,Gen 5,armips/move/move_anim/537.s,398a3020943f1ae98987e5b12b73d9086bbba3ce
538,MOVE_HEAT_CRASH,Gen 5,armips/move/move_anim/538.s,398a3020943f1ae98987e5b12b73d9086bbba3ce
539,MOVE_LEAF_TORNADO,Gen 5,armips/move/move_anim/539.s,398a3020943f1ae98987e5b12b73d9086bbba3ce
540,MOVE_STEAMROLLER,Gen 5,armips/move/move_anim/540.s,398a3020943f1ae98987e5b12b73d9086bbba3ce
541,MOVE_COTTON_GUARD,Gen 5,armips/move/move_anim/541.s,398a3020943f1ae98987e5b12b73d9086bbba3ce
542,MOVE_NIGHT_DAZE,Gen 5,armips/move/move_anim/542.s,398a3020943f1ae98987e5b12b73d9086bbba3ce
543,MOVE_PSYSTRIKE,Gen 5,armips/move/move_anim/543.s,398a3020943f1ae98987e5b12b73d9086bbba3ce
544,MOVE_TAIL_SLAP,Gen 5,armips/move/move_anim/544.s,398a3020943f1ae98987e5b12b73d9086bbba3ce
545,MOVE_HURRICANE,Gen 5,armips/move/move_anim/545.s,398a3020943f1ae98987e5b12b73d9086bbba3ce
546,MOVE_HEAD_CHARGE,Gen 5,armips/move/move_anim/546.s,398a3020943f1ae98987e5b12b73d9086bbba3ce
547,MOVE_GEAR_GRIND,Gen 5,armips/move/move_anim/547.s,398a3020943f1ae98987e5b12b73d9086bbba3ce
548,MOVE_SEARING_SHOT,Gen 5,armips/move/move_anim/548.s,398a3020943f1ae98987e5b12b73d9086bbba3ce
549,MOVE_TECHNO_BLAST,Gen 5,armips/move/move_anim/549.s,398a3020943f1ae98987e5b12b73d9086bbba3ce
550,MOVE_RELIC_SONG,Gen 5,armips/move/move_anim/550.s,398a3020943f1ae98987e5b12b73d9086bbba3ce
551,MOVE_SECRET_SWORD,Gen 5,armips/move/move_anim/551.s,398a3020943f1ae98987e5b12b73d9086bbba3ce
552,MOVE_GLACIATE,Gen 5,armips/move/move_anim/552.s,398a3020943f1ae98987e5b12b73d9086bbba3ce
553,MOVE_BOLT_STRIKE,Gen 5,armips/move/move_anim/553.s,398a3020943f1ae98987e5b12b73d9086bbba3ce
554,MOVE_BLUE_FLARE,Gen 5,armips/move/move_anim/554.s,398a3020943f1ae98987e5b12b73d9086bbba3ce
555,MOVE_FIERY_DANCE,Gen 5,armips/move/move_anim/555.s,398a3020943f1ae98987e5b12b73d9086bbba3ce
556,MOVE_FREEZE_SHOCK,Gen 5,armips/move/move_anim/556.s,398a3020943f1ae98987e5b12b73d9086bbba3ce
557,MOVE_ICE_BURN,Gen 5,armips/move/move_anim/557.s,398a3020943f1ae98987e5b12b73d9086bbba3ce
558,MOVE_SNARL,Gen 5,armips/move/move_anim/558.s,398a3020943f1ae98987e5b12b73d9086bbba3ce
559,MOVE_ICICLE_CRASH,Gen 5,armips/move/move_anim/559.s,398a3020943f1ae98987e5b12b73d9086bbba3ce
560,MOVE_V_CREATE,Gen 5,armips/move/move_anim/560.s,398a3020943f1ae98987e5b12b73d9086bbba3ce
561,MOVE_FUSION_FLARE,Gen 5,armips/move/move_anim/561.s,398a3020943f1ae98987e5b12b73d9086bbba3ce
562,MOVE_FUSION_BOLT,Gen 5,armips/move/move_anim/562.s,398a3020943f1ae98987e5b12b73d9086bbba3ce
563,MOVE_FLYING_PRESS,Gen 6,armips/move/move_anim/563.s,398a3020943f1ae98987e5b12b73d9086bbba3ce
564,MOVE_MAT_BLOCK,Gen 6,armips/move/move_anim/564.s,398a3020943f1ae98987e5b12b73d9086bbba3ce
565,MOVE_BELCH,Gen 6,armips/move/move_anim/565.s,398a3020943f1ae98987e5b12b73d9086bbba3ce
566,MOVE_ROTOTILLER,Gen 6,armips/move/move_anim/566.s,398a3020943f1ae98987e5b12b73d9086bbba3ce
567,MOVE_STICKY_WEB,Gen 6,armips/move/move_anim/567.s,398a3020943f1ae98987e5b12b73d9086bbba3ce
568,MOVE_FELL_STINGER,Gen 6,armips/move/move_anim/568.s,398a3020943f1ae98987e5b12b73d9086bbba3ce
569,MOVE_PHANTOM_FORCE,Gen 6,armips/move/move_anim/569.s,398a3020943f1ae98987e5b12b73d9086bbba3ce
570,MOVE_TRICK_OR_TREAT,Gen 6,armips/move/move_anim/570.s,398a3020943f1ae98987e5b12b73d9086bbba3ce
571,MOVE_NOBLE_ROAR,Gen 6,armips/move/move_anim/571.s,398a3020943f1ae98987e5b12b73d9086bbba3ce
572,MOVE_ION_DELUGE,Gen 6,armips/move/move_anim/572.s,398a3020943f1ae98987e5b12b73d9086bbba3ce
573,MOVE_PARABOLIC_CHARGE,Gen 6,armips/move/move_anim/573.s,398a3020943f1ae98987e5b12b73d9086bbba3ce
574,MOVE_FORESTS_CURSE,Gen 6,armips/move/move_anim/574.s,398a3020943f1ae98987e5b12b73d9086bbba3ce
575,MOVE_PETAL_BLIZZARD,Gen 6,armips/move/move_anim/575.s,398a3020943f1ae98987e5b12b73d9086bbba3ce
576,MOVE_FREEZE_DRY,Gen 6,armips/move/move_anim/576.s,398a3020943f1ae98987e5b12b73d9086bbba3ce
577,MOVE_DISARMING_VOICE,Gen 6,armips/move/move_anim/577.s,398a3020943f1ae98987e5b12b73d9086bbba3ce
578,MOVE_PARTING_SHOT,Gen 6,armips/move/move_anim/578.s,398a3020943f1ae98987e5b12b73d9086bbba3ce
579,MOVE_TOPSY_TURVY,Gen 6,armips/move/move_anim/579.s,398a3020943f1ae98987e5b12b73d9086bbba3ce
580,MOVE_DRAINING_KISS,Gen 6,armips/move/move_anim/580.s,398a3020943f1ae98987e5b12b73d9086bbba3ce
581,MOVE_CRAFTY_SHIELD,Gen 6,armips/move/move_anim/581.s,398a3020943f1ae98987e5b12b73d9086bbba3ce
582,MOVE_FLOWER_SHIELD,Gen 6,armips/move/move_anim/582.s,398a3020943f1ae98987e5b12b73d9086bbba3ce
583,MOVE_GRASSY_TERRAIN,Gen 6,armips/move/move_anim/583.s,398a3020943f1ae98987e5b12b73d9086bbba3ce
584,MOVE_MISTY_TERRAIN,Gen 6,armips/move/move_anim/584.s,398a3020943f1ae98987e5b12b73d9086bbba3ce
585,MOVE_ELECTRIFY,Gen 6,armips/move/move_anim/585.s,398a3020943f1ae98987e5b12b73d9086bbba3ce
586,MOVE_PLAY_ROUGH,Gen 6,armips/move/move_anim/586.s,398a3020943f1ae98987e5b12b73d9086bbba3ce
587,MOVE_FAIRY_WIND,Gen 6,armips/move/move_anim/587.s,398a3020943f1ae98987e5b12b73d9086bbba3ce
588,MOVE_MOONBLAST,Gen 6,armips/move/move_anim/588.s,398a3020943f1ae98987e5b12b73d9086bbba3ce
589,MOVE_BOOMBURST,Gen 6,armips/move/move_anim/589.s,398a3020943f1ae98987e5b12b73d9086bbba3ce
590,MOVE_FAIRY_LOCK,Gen 6,armips/move/move_anim/590.s,398a3020943f1ae98987e5b12b73d9086bbba3ce
591,MOVE_KINGS_SHIELD,Gen 6,armips/move/move_anim/591.s,398a3020943f1ae98987e5b12b73d9086bbba3ce
592,MOVE_PLAY_NICE,Gen 6,armips/move/move_anim/592.s,398a3020943f1ae98987e5b12b73d9086bbba3ce
593,MOVE_CONFIDE,Gen 6,armips/move/move_anim/593.s,398a3020943f1ae98987e5b12b73d9086bbba3ce
594,MOVE_DIAMOND_STORM,Gen 6,armips/move/move_anim/594.s,398a3020943f1ae98987e5b12b73d9086bbba3ce
595,MOVE_STEAM_ERUPTION,Gen 6,armips/move/move_anim/595.s,398a3020943f1ae98987e5b12b73d9086bbba3ce
596,MOVE_HYPERSPACE_HOLE,Gen 6,armips/move/move_anim/596.s,398a3020943f1ae98987e5b12b73d9086bbba3ce
597,MOVE_WATER_SHURIKEN,Gen 6,armips/move/move_anim/597.s,398a3020943f1ae98987e5b12b73d9086bbba3ce
598,MOVE_MYSTICAL_FIRE,Gen 6,armips/move/move_anim/598.s,398a3020943f1ae98987e5b12b73d9086bbba3ce
599,MOVE_SPIKY_SHIELD,Gen 6,armips/move/move_anim/599.s,398a3020943f1ae98987e5b12b73d9086bbba3ce
600,MOVE_AROMATIC_MIST,Gen 6,armips/move/move_anim/600.s,398a3020943f1ae98987e5b12b73d9086bbba3ce
601,MOVE_EERIE_IMPULSE,Gen 6,armips/move/move_anim/601.s,398a3020943f1ae98987e5b12b73d9086bbba3ce
602,MOVE_VENOM_DRENCH,Gen 6,armips/move/move_anim/602.s,398a3020943f1ae98987e5b12b73d9086bbba3ce
603,MOVE_POWDER,Gen 6,armips/move/move_anim/603.s,398a3020943f1ae98987e5b12b73d9086bbba3ce
604,MOVE_GEOMANCY,Gen 6,armips/move/move_anim/604.s,398a3020943f1ae98987e5b12b73d9086bbba3ce
605,MOVE_MAGNETIC_FLUX,Gen 6,armips/move/move_anim/605.s,398a3020943f1ae98987e5b12b73d9086bbba3ce
606,MOVE_HAPPY_HOUR,Gen 6,armips/move/move_anim/606.s,398a3020943f1ae98987e5b12b73d9086bbba3ce
607,MOVE_ELECTRIC_TERRAIN,Gen 6,armips/move/move_anim/607.s,398a3020943f1ae98987e5b12b73d9086bbba3ce
608,MOVE_DAZZLING_GLEAM,Gen 6,armips/move/move_anim/608.s,398a3020943f1ae98987e5b12b73d9086bbba3ce
609,MOVE_CELEBRATE,Gen 6,armips/move/move_anim/609.s,398a3020943f1ae98987e5b12b73d9086bbba3ce
610,MOVE_HOLD_HANDS,Gen 6,armips/move/move_anim/610.s,398a3020943f1ae98987e5b12b73d9086bbba3ce
611,MOVE_BABY_DOLL_EYES,Gen 6,armips/move/move_anim/611.s,398a3020943f1ae98987e5b12b73d9086bbba3ce
612,MOVE_NUZZLE,Gen 6,armips/move/move_anim/612.s,398a3020943f1ae98987e5b12b73d9086bbba3ce
613,MOVE_HOLD_BACK,Gen 6,armips/move/move_anim/613.s,398a3020943f1ae98987e5b12b73d9086bbba3ce
614,MOVE_INFESTATION,Gen 6,armips/move/move_anim/614.s,398a3020943f1ae98987e5b12b73d9086bbba3ce
615,MOVE_POWER_UP_PUNCH,Gen 6,armips/move/move_anim/615.s,398a3020943f1ae98987e5b12b73d9086bbba3ce
616,MOVE_OBLIVION_WING,Gen 6,armips/move/move_anim/616.s,398a3020943f1ae98987e5b12b73d9086bbba3ce
617,MOVE_THOUSAND_ARROWS,Gen 6,armips/move/move_anim/617.s,398a3020943f1ae98987e5b12b73d9086bbba3ce
618,MOVE_THOUSAND_WAVES,Gen 6,armips/move/move_anim/618.s,398a3020943f1ae98987e5b12b73d9086bbba3ce
619,MOVE_LANDS_WRATH,Gen 6,armips/move/move_anim/619.s,398a3020943f1ae98987e5b12b73d9086bbba3ce
620,MOVE_LIGHT_OF_RUIN,Gen 6,armips/move/move_anim/620.s,398a3020943f1ae98987e5b12b73d9086bbba3ce
621,MOVE_ORIGIN_PULSE,Gen 6,armips/move/move_anim/621.s,398a3020943f1ae98987e5b12b73d9086bbba3ce
622,MOVE_PRECIPICE_BLADES,Gen 6,armips/move/move_anim/622.s,398a3020943f1ae98987e5b12b73d9086bbba3ce
623,MOVE_DRAGON_ASCENT,Gen 6,armips/move/move_anim/623.s,398a3020943f1ae98987e5b12b73d9086bbba3ce
624,MOVE_HYPERSPACE_FURY,Gen 6,armips/move/move_anim/624.s,398a3020943f1ae98987e5b12b73d9086bbba3ce
625,MOVE_BREAKNECK_BLITZ_PHYSICAL,Gen 7,armips/move/move_anim/625.s,398a3020943f1ae98987e5b12b73d9086bbba3ce
626,MOVE_BREAKNECK_BLITZ_SPECIAL,Gen 7,armips/move/move_anim/626.s,398a3020943f1ae98987e5b12b73d9086bbba3ce
627,MOVE_ALL_OUT_PUMMELING_PHYSICAL,Gen 7,armips/move/move_anim/627.s,398a3020943f1ae98987e5b12b73d9086bbba3ce
628,MOVE_ALL_OUT_PUMMELING_SPECIAL,Gen 7,armips/move/move_anim/628.s,398a3020943f1ae98987e5b12b73d9086bbba3ce
629,MOVE_SUPERSONIC_SKYSTRIKE_PHYSICAL,Gen 7,armips/move/move_anim/629.s,398a3020943f1ae98987e5b12b73d9086bbba3ce
630,MOVE_SUPERSONIC_SKYSTRIKE_SPECIAL,Gen 7,armips/move/move_anim/630.s,398a3020943f1ae98987e5b12b73d9086bbba3ce
631,MOVE_ACID_DOWNPOUR_PHYSICAL,Gen 7,armips/move/move_anim/631.s,398a3020943f1ae98987e5b12b73d9086bbba3ce
632,MOVE_ACID_DOWNPOUR_SPECIAL,Gen 7,armips/move/move_anim/632.s,398a3020943f1ae98987e5b12b73d9086bbba3ce
633,MOVE_TECTONIC_RAGE_PHYSICAL,Gen 7,armips/move/move_anim/633.s,398a3020943f1ae98987e5b12b73d9086bbba3ce
634,MOVE_TECTONIC_RAGE_SPECIAL,Gen 7,armips/move/move_anim/634.s,398a3020943f1ae98987e5b12b73d9086bbba3ce
635,MOVE_CONTINENTAL_CRUSH_PHYSICAL,Gen 7,armips/move/move_anim/635.s,398a3020943f1ae98987e5b12b73d9086bbba3ce
636,MOVE_CONTINENTAL_CRUSH_SPECIAL,Gen 7,armips/move/move_anim/636.s,398a3020943f1ae98987e5b12b73d9086bbba3ce
637,MOVE_SAVAGE_SPIN_OUT_PHYSICAL,Gen 7,armips/move/move_anim/637.s,398a3020943f1ae98987e5b12b73d9086bbba3ce
638,MOVE_SAVAGE_SPIN_OUT_SPECIAL,Gen 7,armips/move/move_anim/638.s,398a3020943f1ae98987e5b12b73d9086bbba3ce
639,MOVE_NEVER_ENDING_NIGHTMARE_PHYSICAL,Gen 7,armips/move/move_anim/639.s,398a3020943f1ae98987e5b12b73d9086bbba3ce
640,MOVE_NEVER_ENDING_NIGHTMARE_SPECIAL,Gen 7,armips/move/move_anim/640.s,398a3020943f1ae98987e5b12b73d9086bbba3ce
641,MOVE_CORKSCREW_CRASH_PHYSICAL,Gen 7,armips/move/move_anim/641.s,398a3020943f1ae98987e5b12b73d9086bbba3ce
642,MOVE_CORKSCREW_CRASH_SPECIAL,Gen 7,armips/move/move_anim/642.s,398a3020943f1ae98987e5b12b73d9086bbba3ce
643,MOVE_INFERNO_OVERDRIVE_PHYSICAL,Gen 7,armips/move/move_anim/643.s,398a3020943f1ae98987e5b12b73d9086bbba3ce
644,MOVE_INFERNO_OVERDRIVE_SPECIAL,Gen 7,armips/move/move_anim/644.s,398a3020943f1ae98987e5b12b73d9086bbba3ce
645,MOVE_HYDRO_VORTEX_PHYSICAL,Gen 7,armips/move/move_anim/645.s,398a3020943f1ae98987e5b12b73d9086bbba3ce
646,MOVE_HYDRO_VORTEX_SPECIAL,Gen 7,armips/move/move_anim/646.s,398a3020943f1ae98987e5b12b73d9086bbba3ce
647,MOVE_BLOOM_DOOM_PHYSICAL,Gen 7,armips/move/move_anim/647.s,398a3020943f1ae98987e5b12b73d9086bbba3ce
648,MOVE_BLOOM_DOOM_SPECIAL,Gen 7,armips/move/move_anim/648.s,398a3020943f1ae98987e5b12b73d9086bbba3ce
649,MOVE_GIGAVOLT_HAVOC_PHYSICAL,Gen 7,armips/move/move_anim/649.s,398a3020943f1ae98987e5b12b73d9086bbba3ce
650,MOVE_GIGAVOLT_HAVOC_SPECIAL,Gen 7,armips/move/move_anim/650.s,398a3020943f1ae98987e5b12b73d9086bbba3ce
651,MOVE_SHATTERED_PSYCHE_PHYSICAL,Gen 7,armips/move/move_anim/651.s,398a3020943f1ae98987e5b12b73d9086bbba3ce
652,MOVE_SHATTERED_PSYCHE_SPECIAL,Gen 7,armips/move/move_anim/652.s,398a3020943f1ae98987e5b12b73d9086bbba3ce
653,MOVE_SUBZERO_SLAMMER_PHYSICAL,Gen 7,armips/move/move_anim/653.s,398a3020943f1ae98987e5b12b73d9086bbba3ce
654,MOVE_SUBZERO_SLAMMER_SPECIAL,Gen 7,armips/move/move_anim/654.s,398a3020943f1ae98987e5b12b73d9086bbba3ce
655,MOVE_DEVASTATING_DRAKE_PHYSICAL,Gen 7,armips/move/move_anim/655.s,398a3020943f1ae98987e5b12b73d9086bbba3ce
656,MOVE_DEVASTATING_DRAKE_SPECIAL,Gen 7,armips/move/move_anim/656.s,398a3020943f1ae98987e5b12b73d9086bbba3ce
657,MOVE_BLACK_HOLE_ECLIPSE_PHYSICAL,Gen 7,armips/move/move_anim/657.s,398a3020943f1ae98987e5b12b73d9086bbba3ce
658,MOVE_BLACK_HOLE_ECLIPSE_SPECIAL,Gen 7,armips/move/move_anim/658.s,398a3020943f1ae98987e5b12b73d9086bbba3ce
659,MOVE_TWINKLE_TACKLE_PHYSICAL,Gen 7,armips/move/move_anim/659.s,398a3020943f1ae98987e5b12b73d9086bbba3ce
660,MOVE_TWINKLE_TACKLE_SPECIAL,Gen 7,armips/move/move_anim/660.s,398a3020943f1ae98987e5b12b73d9086bbba3ce
661,MOVE_CATASTROPIKA,Gen 7,armips/move/move_anim/661.s,398a3020943f1ae98987e5b12b73d9086bbba3ce
662,MOVE_SHORE_UP,Gen 7,armips/move/move_anim/662.s,398a3020943f1ae98987e5b12b73d9086bbba3ce
663,MOVE_FIRST_IMPRESSION,Gen 7,armips/move/move_anim/663.s,398a3020943f1ae98987e5b12b73d9086bbba3ce
664,MOVE_BANEFUL_BUNKER,Gen 7,armips/move/move_anim/664.s,398a3020943f1ae98987e5b12b73d9086bbba3ce
665,MOVE_SPIRIT_SHACKLE,Gen 7,armips/move/move_anim/665.s,398a3020943f1ae98987e5b12b73d9086bbba3ce
666,MOVE_DARKEST_LARIAT,Gen 7,armips/move/move_anim/666.s,398a3020943f1ae98987e5b12b73d9086bbba3ce
667,MOVE_SPARKLING_ARIA,Gen 7,armips/move/move_anim/667.s,398a3020943f1ae98987e5b12b73d9086bbba3ce
668,MOVE_ICE_HAMMER,Gen 7,armips/move/move_anim/668.s,398a3020943f1ae98987e5b12b73d9086bbba3ce
669,MOVE_FLORAL_HEALING,Gen 7,armips/move/move_anim/669.s,398a3020943f1ae98987e5b12b73d9086bbba3ce
670,MOVE_HIGH_HORSEPOWER,Gen 7,armips/move/move_anim/670.s,398a3020943f1ae98987e5b12b73d9086bbba3ce
671,MOVE_STRENGTH_SAP,Gen 7,armips/move/move_anim/671.s,398a3020943f1ae98987e5b12b73d9086bbba3ce
672,MOVE_SOLAR_BLADE,Gen 7,armips/move/move_anim/672.s,398a3020943f1ae98987e5b12b73d9086bbba3ce
673,MOVE_LEAFAGE,Gen 7,armips/move/move_anim/673.s,398a3020943f1ae98987e5b12b73d9086bbba3ce
674,MOVE_SPOTLIGHT,Gen 7,armips/move/move_anim/674.s,398a3020943f1ae98987e5b12b73d9086bbba3ce
675,MOVE_TOXIC_THREAD,Gen 7,armips/move/move_anim/675.s,398a3020943f1ae98987e5b12b73d9086bbba3ce
676,MOVE_LASER_FOCUS,Gen 7,armips/move/move_anim/676.s,398a3020943f1ae98987e5b12b73d9086bbba3ce
677,MOVE_GEAR_UP,Gen 7,armips/move/move_anim/677.s,398a3020943f1ae98987e5b12b73d9086bbba3ce
678,MOVE_THROAT_CHOP,Gen 7,armips/move/move_anim/678.s,398a3020943f1ae98987e5b12b73d9086bbba3ce
679,MOVE_POLLEN_PUFF,Gen 7,armips/move/move_anim/679.s,398a3020943f1ae98987e5b12b73d9086bbba3ce
680,MOVE_ANCHOR_SHOT,Gen 7,armips/move/move_anim/680.s,398a3020943f1ae98987e5b12b73d9086bbba3ce
681,MOVE_PSYCHIC_TERRAIN,Gen 7,armips/move/move_anim/681.s,398a3020943f1ae98987e5b12b73d9086bbba3ce
682,MOVE_LUNGE,Gen 7,armips/move/move_anim/682.s,398a3020943f1ae98987e5b12b73d9086bbba3ce
683,MOVE_FIRE_LASH,Gen 7,armips/move/move_anim/683.s,398a3020943f1ae98987e5b12b73d9086bbba3ce
684,MOVE_POWER_TRIP,Gen 7,armips/move/move_anim/684.s,398a3020943f1ae98987e5b12b73d9086bbba3ce
685,MOVE_BURN_UP,Gen 7,armips/move/move_anim/685.s,398a3020943f1ae98987e5b12b73d9086bbba3ce
686,MOVE_SPEED_SWAP,Gen 7,armips/move/move_anim/686.s,398a3020943f1ae98987e5b12b73d9086bbba3ce
687,MOVE_SMART_STRIKE,Gen 7,armips/move/move_anim/687.s,398a3020943f1ae98987e5b12b73d9086bbba3ce
688,MOVE_PURIFY,Gen 7,armips/move/move_anim/688.s,398a3020943f1ae98987e5b12b73d9086bbba3ce
689,MOVE_REVELATION_DANCE,Gen 7,armips/move/move_anim/689.s,398a3020943f1ae98987e5b12b73d9086bbba3ce
690,MOVE_CORE_ENFORCER,Gen 7,armips/move/move_anim/690.s,398a3020943f1ae98987e5b12b73d9086bbba3ce
691,MOVE_TROP_KICK,Gen 7,armips/move/move_anim/691.s,398a3020943f1ae98987e5b12b73d9086bbba3ce
692,MOVE_INSTRUCT,Gen 7,armips/move/move_anim/692.s,398a3020943f1ae98987e5b12b73d9086bbba3ce
693,MOVE_BEAK_BLAST,Gen 7,armips/move/move_anim/693.s,398a3020943f1ae98987e5b12b73d9086bbba3ce
694,MOVE_CLANGING_SCALES,Gen 7,armips/move/move_anim/694.s,398a3020943f1ae98987e5b12b73d9086bbba3ce
695,MOVE_DRAGON_HAMMER,Gen 7,armips/move/move_anim/695.s,398a3020943f1ae98987e5b12b73d9086bbba3ce
696,MOVE_BRUTAL_SWING,Gen 7,armips/move/move_anim/696.s,398a3020943f1ae98987e5b12b73d9086bbba3ce
697,MOVE_AURORA_VEIL,Gen 7,armips/move/move_anim/697.s,398a3020943f1ae98987e5b12b73d9086bbba3ce
698,MOVE_SINISTER_ARROW_RAID,Gen 7,armips/move/move_anim/698.s,398a3020943f1ae98987e5b12b73d9086bbba3ce
699,MOVE_MALICIOUS_MOONSAULT,Gen 7,armips/move/move_anim/699.s,398a3020943f1ae98987e5b12b73d9086bbba3ce
700,MOVE_OCEANIC_OPERETTA,Gen 7,armips/move/move_anim/700.s,398a3020943f1ae98987e5b12b73d9086bbba3ce
701,MOVE_GUARDIAN_OF_ALOLA,Gen 7,armips/move/move_anim/701.s,398a3020943f1ae98987e5b12b73d9086bbba3ce
702,MOVE_SOUL_STEALING_7_STAR_STRIKE,Gen 7,armips/move/move_anim/702.s,398a3020943f1ae98987e5b12b73d9086bbba3ce
703,MOVE_STOKED_SPARKSURFER,Gen 7,armips/move/move_anim/703.s,398a3020943f1ae98987e5b12b73d9086bbba3ce
704,MOVE_PULVERIZING_PANCAKE,Gen 7,armips/move/move_anim/704.s,398a3020943f1ae98987e5b12b73d9086bbba3ce
705,MOVE_EXTREME_EVOBOOST,Gen 7,armips/move/move_anim/705.s,398a3020943f1ae98987e5b12b73d9086bbba3ce
706,MOVE_GENESIS_SUPERNOVA,Gen 7,armips/move/move_anim/706.s,398a3020943f1ae98987e5b12b73d9086bbba3ce
707,MOVE_SHELL_TRAP,Gen 7,armips/move/move_anim/707.s,398a3020943f1ae98987e5b12b73d9086bbba3ce
708,MOVE_FLEUR_CANNON,Gen 7,armips/move/move_anim/708.s,398a3020943f1ae98987e5b12b73d9086bbba3ce
709,MOVE_PSYCHIC_FANGS,Gen 7,armips/move/move_anim/709.s,398a3020943f1ae98987e5b12b73d9086bbba3ce
710,MOVE_STOMPING_TANTRUM,Gen 7,armips/move/move_anim/710.s,398a3020943f1ae98987e5b12b73d9086bbba3ce
711,MOVE_SHADOW_BONE,Gen 7,armips/move/move_anim/711.s,398a3020943f1ae98987e5b12b73d9086bbba3ce
712,MOVE_ACCELEROCK,Gen 7,armips/move/move_anim/712.s,398a3020943f1ae98987e5b12b73d9086bbba3ce
713,MOVE_LIQUIDATION,Gen 7,armips/move/move_anim/713.s,398a3020943f1ae98987e5b12b73d9086bbba3ce
714,MOVE_PRISMATIC_LASER,Gen 7,armips/move/move_anim/714.s,398a3020943f1ae98987e5b12b73d9086bbba3ce
715,MOVE_SPECTRAL_THIEF,Gen 7,armips/move/move_anim/715.s,398a3020943f1ae98987e5b12b73d9086bbba3ce
716,MOVE_SUNSTEEL_STRIKE,Gen 7,armips/move/move_anim/716.s,398a3020943f1ae98987e5b12b73d9086bbba3ce
717,MOVE_MOONGEIST_BEAM,Gen 7,armips/move/move_anim/717.s,398a3020943f1ae98987e5b12b73d9086bbba3ce
718,MOVE_TEARFUL_LOOK,Gen 7,armips/move/move_anim/718.s,398a3020943f1ae98987e5b12b73d9086bbba3ce
719,MOVE_ZING_ZAP,Gen 7,armips/move/move_anim/719.s,398a3020943f1ae98987e5b12b73d9086bbba3ce
720,MOVE_NATURES_MADNESS,Gen 7,armips/move/move_anim/720.s,398a3020943f1ae98987e5b12b73d9086bbba3ce
721,MOVE_MULTI_ATTACK,Gen 7,armips/move/move_anim/721.s,398a3020943f1ae98987e5b12b73d9086bbba3ce
722,MOVE_10_000_000_VOLT_THUNDERBOLT,Gen 7,armips/move/move_anim/722.s,398a3020943f1ae98987e5b12b73d9086bbba3ce
723,MOVE_MIND_BLOWN,Gen 7,armips/move/move_anim/723.s,398a3020943f1ae98987e5b12b73d9086bbba3ce
724,MOVE_PLASMA_FISTS,Gen 7,armips/move/move_anim/724.s,398a3020943f1ae98987e5b12b73d9086bbba3ce
725,MOVE_PHOTON_GEYSER,Gen 7,armips/move/move_anim/725.s,398a3020943f1ae98987e5b12b73d9086bbba3ce
726,MOVE_LIGHT_THAT_BURNS_THE_SKY,Gen 7,armips/move/move_anim/726.s,398a3020943f1ae98987e5b12b73d9086bbba3ce
727,MOVE_SEARING_SUNRAZE_SMASH,Gen 7,armips/move/move_anim/727.s,398a3020943f1ae98987e5b12b73d9086bbba3ce
728,MOVE_MENACING_MOONRAZE_MAELSTROM,Gen 7,armips/move/move_anim/728.s,398a3020943f1ae98987e5b12b73d9086bbba3ce
729,MOVE_LETS_SNUGGLE_FOREVER,Gen 7,armips/move/move_anim/729.s,398a3020943f1ae98987e5b12b73d9086bbba3ce
730,MOVE_SPLINTERED_STORMSHARDS,Gen 7,armips/move/move_anim/730.s,398a3020943f1ae98987e5b12b73d9086bbba3ce
731,MOVE_CLANGOROUS_SOULBLAZE,Gen 7,armips/move/move_anim/731.s,398a3020943f1ae98987e5b12b73d9086bbba3ce
732,MOVE_ZIPPY_ZAP,Gen 7,armips/move/move_anim/732.s,398a3020943f1ae98987e5b12b73d9086bbba3ce
733,MOVE_SPLISHY_SPLASH,Gen 7,armips/move/move_anim/733.s,398a3020943f1ae98987e5b12b73d9086bbba3ce
734,MOVE_FLOATY_FALL,Gen 7,armips/move/move_anim/734.s,398a3020943f1ae98987e5b12b73d9086bbba3ce
735,MOVE_PIKA_PAPOW,Gen 7,armips/move/move_anim/735.s,398a3020943f1ae98987e5b12b73d9086bbba3ce
736,MOVE_BOUNCY_BUBBLE,Gen 7,armips/move/move_anim/736.s,398a3020943f1ae98987e5b12b73d9086bbba3ce
737,MOVE_BUZZY_BUZZ,Gen 7,armips/move/move_anim/737.s,398a3020943f1ae98987e5b12b73d9086bbba3ce
738,MOVE_SIZZLY_SLIDE,Gen 7,armips/move/move_anim/738.s,398a3020943f1ae98987e5b12b73d9086bbba3ce
739,MOVE_GLITZY_GLOW,Gen 7,armips/move/move_anim/739.s,398a3020943f1ae98987e5b12b73d9086bbba3ce
740,MOVE_BADDY_BAD,Gen 7,armips/move/move_anim/740.s,398a3020943f1ae98987e5b12b73d9086bbba3ce
741,MOVE_SAPPY_SEED,Gen 7,armips/move/move_anim/741.s,398a3020943f1ae98987e5b12b73d9086bbba3ce
742,MOVE_FREEZY_FROST,Gen 7,armips/move/move_anim/742.s,398a3020943f1ae98987e5b12b73d9086bbba3ce
743,MOVE_SPARKLY_SWIRL,Gen 7,armips/move/move_anim/743.s,398a3020943f1ae98987e5b12b73d9086bbba3ce
744,MOVE_VEEVEE_VOLLEY,Gen 7,armips/move/move_anim/744.s,398a3020943f1ae98987e5b12b73d9086bbba3ce
745,MOVE_DOUBLE_IRON_BASH,Gen 7,armips/move/move_anim/745.s,398a3020943f1ae98987e5b12b73d9086bbba3ce
746,MOVE_MAX_GUARD,Gen 8,armips/move/move_anim/746.s,398a3020943f1ae98987e5b12b73d9086bbba3ce
747,MOVE_DYNAMAX_CANNON,Gen 8,armips/move/move_anim/747.s,398a3020943f1ae98987e5b12b73d9086bbba3ce
748,MOVE_SNIPE_SHOT,Gen 8,armips/move/move_anim/748.s,398a3020943f1ae98987e5b12b73d9086bbba3ce
749,MOVE_JAW_LOCK,Gen 8,armips/move/move_anim/749.s,398a3020943f1ae98987e5b12b73d9086bbba3ce
750,MOVE_STUFF_CHEEKS,Gen 8,armips/move/move_anim/750.s,398a3020943f1ae98987e5b12b73d9086bbba3ce
751,MOVE_NO_RETREAT,Gen 8,armips/move/move_anim/751.s,398a3020943f1ae98987e5b12b73d9086bbba3ce
752,MOVE_TAR_SHOT,Gen 8,armips/move/move_anim/752.s,398a3020943f1ae98987e5b12b73d9086bbba3ce
753,MOVE_MAGIC_POWDER,Gen 8,armips/move/move_anim/753.s,398a3020943f1ae98987e5b12b73d9086bbba3ce
754,MOVE_DRAGON_DARTS,Gen 8,armips/move/move_anim/754.s,398a3020943f1ae98987e5b12b73d9086bbba3ce
755,MOVE_TEATIME,Gen 8,armips/move/move_anim/755.s,398a3020943f1ae98987e5b12b73d9086bbba3ce
756,MOVE_OCTOLOCK,Gen 8,armips/move/move_anim/756.s,398a3020943f1ae98987e5b12b73d9086bbba3ce
757,MOVE_BOLT_BEAK,Gen 8,armips/move/move_anim/757.s,398a3020943f1ae98987e5b12b73d9086bbba3ce
758,MOVE_FISHIOUS_REND,Gen 8,armips/move/move_anim/758.s,398a3020943f1ae98987e5b12b73d9086bbba3ce
759,MOVE_COURT_CHANGE,Gen 8,armips/move/move_anim/759.s,398a3020943f1ae98987e5b12b73d9086bbba3ce
760,MOVE_MAX_FLARE,Gen 8,armips/move/move_anim/760.s,398a3020943f1ae98987e5b12b73d9086bbba3ce
761,MOVE_MAX_FLUTTERBY,Gen 8,armips/move/move_anim/761.s,398a3020943f1ae98987e5b12b73d9086bbba3ce
762,MOVE_MAX_LIGHTNING,Gen 8,armips/move/move_anim/762.s,398a3020943f1ae98987e5b12b73d9086bbba3ce
763,MOVE_MAX_STRIKE,Gen 8,armips/move/move_anim/763.s,398a3020943f1ae98987e5b12b73d9086bbba3ce
764,MOVE_MAX_KNUCKLE,Gen 8,armips/move/move_anim/764.s,398a3020943f1ae98987e5b12b73d9086bbba3ce
765,MOVE_MAX_PHANTASM,Gen 8,armips/move/move_anim/765.s,398a3020943f1ae98987e5b12b73d9086bbba3ce
766,MOVE_MAX_HAILSTORM,Gen 8,armips/move/move_anim/766.s,398a3020943f1ae98987e5b12b73d9086bbba3ce
767,MOVE_MAX_OOZE,Gen 8,armips/move/move_anim/767.s,398a3020943f1ae98987e5b12b73d9086bbba3ce
768,MOVE_MAX_GEYSER,Gen 8,armips/move/move_anim/768.s,398a3020943f1ae98987e5b12b73d9086bbba3ce
769,MOVE_MAX_AIRSTREAM,Gen 8,armips/move/move_anim/769.s,398a3020943f1ae98987e5b12b73d9086bbba3ce
770,MOVE_MAX_STARFALL,Gen 8,armips/move/move_anim/770.s,398a3020943f1ae98987e5b12b73d9086bbba3ce
771,MOVE_MAX_WYRMWIND,Gen 8,armips/move/move_anim/771.s,398a3020943f1ae98987e5b12b73d9086bbba3ce
772,MOVE_MAX_MINDSTORM,Gen 8,armips/move/move_anim/772.s,398a3020943f1ae98987e5b12b73d9086bbba3ce
773,MOVE_MAX_ROCKFALL,Gen 8,armips/move/move_anim/773.s,398a3020943f1ae98987e5b12b73d9086bbba3ce
774,MOVE_MAX_QUAKE,Gen 8,armips/move/move_anim/774.s,398a3020943f1ae98987e5b12b73d9086bbba3ce
775,MOVE_MAX_DARKNESS,Gen 8,armips/move/move_anim/775.s,398a3020943f1ae98987e5b12b73d9086bbba3ce
776,MOVE_MAX_OVERGROWTH,Gen 8,armips/move/move_anim/776.s,398a3020943f1ae98987e5b12b73d9086bbba3ce
777,MOVE_MAX_STEELSPIKE,Gen 8,armips/move/move_anim/777.s,398a3020943f1ae98987e5b12b73d9086bbba3ce
778,MOVE_CLANGOROUS_SOUL,Gen 8,armips/move/move_anim/778.s,398a3020943f1ae98987e5b12b73d9086bbba3ce
779,MOVE_BODY_PRESS,Gen 8,armips/move/move_anim/779.s,398a3020943f1ae98987e5b12b73d9086bbba3ce
780,MOVE_DECORATE,Gen 8,armips/move/move_anim/780.s,398a3020943f1ae98987e5b12b73d9086bbba3ce
781,MOVE_DRUM_BEATING,Gen 8,armips/move/move_anim/781.s,398a3020943f1ae98987e5b12b73d9086bbba3ce
782,MOVE_SNAP_TRAP,Gen 8,armips/move/move_anim/782.s,398a3020943f1ae98987e5b12b73d9086bbba3ce
783,MOVE_PYRO_BALL,Gen 8,armips/move/move_anim/783.s,398a3020943f1ae98987e5b12b73d9086bbba3ce
784,MOVE_BEHEMOTH_BLADE,Gen 8,armips/move/move_anim/784.s,398a3020943f1ae98987e5b12b73d9086bbba3ce
785,MOVE_BEHEMOTH_BASH,Gen 8,armips/move/move_anim/785.s,398a3020943f1ae98987e5b12b73d9086bbba3ce
786,MOVE_AURA_WHEEL,Gen 8,armips/move/move_anim/786.s,398a3020943f1ae98987e5b12b73d9086bbba3ce
787,MOVE_BREAKING_SWIPE,Gen 8,armips/move/move_anim/787.s,398a3020943f1ae98987e5b12b73d9086bbba3ce
788,MOVE_BRANCH_POKE,Gen 8,armips/move/move_anim/788.s,398a3020943f1ae98987e5b12b73d9086bbba3ce
789,MOVE_OVERDRIVE,Gen 8,armips/move/move_anim/789.s,398a3020943f1ae98987e5b12b73d9086bbba3ce
790,MOVE_APPLE_ACID,Gen 8,armips/move/move_anim/790.s,398a3020943f1ae98987e5b12b73d9086bbba3ce
791,MOVE_GRAV_APPLE,Gen 8,armips/move/move_anim/791.s,398a3020943f1ae98987e5b12b73d9086bbba3ce
792,MOVE_SPIRIT_BREAK,Gen 8,armips/move/move_anim/792.s,398a3020943f1ae98987e5b12b73d9086bbba3ce
793,MOVE_STRANGE_STEAM,Gen 8,armips/move/move_anim/793.s,398a3020943f1ae98987e5b12b73d9086bbba3ce
794,MOVE_LIFE_DEW,Gen 8,armips/move/move_anim/794.s,398a3020943f1ae98987e5b12b73d9086bbba3ce
795,MOVE_OBSTRUCT,Gen 8,armips/move/move_anim/795.s,398a3020943f1ae98987e5b12b73d9086bbba3ce
796,MOVE_FALSE_SURRENDER,Gen 8,armips/move/move_anim/796.s,398a3020943f1ae98987e5b12b73d9086bbba3ce
797,MOVE_METEOR_ASSAULT,Gen 8,armips/move/move_anim/797.s,398a3020943f1ae98987e5b12b73d9086bbba3ce
798,MOVE_ETERNABEAM,Gen 8,armips/move/move_anim/798.s,398a3020943f1ae98987e5b12b73d9086bbba3ce
799,MOVE_STEEL_BEAM,Gen 8,armips/move/move_anim/799.s,398a3020943f1ae98987e5b12b73d9086bbba3ce
800,MOVE_EXPANDING_FORCE,Gen 8,armips/move/move_anim/800.s,398a3020943f1ae98987e5b12b73d9086bbba3ce
801,MOVE_STEEL_ROLLER,Gen 8,armips/move/move_anim/801.s,398a3020943f1ae98987e5b12b73d9086bbba3ce
802,MOVE_SCALE_SHOT,Gen 8,armips/move/move_anim/802.s,398a3020943f1ae98987e5b12b73d9086bbba3ce
803,MOVE_METEOR_BEAM,Gen 8,armips/move/move_anim/803.s,398a3020943f1ae98987e5b12b73d9086bbba3ce
804,MOVE_SHELL_SIDE_ARM,Gen 8,armips/move/move_anim/804.s,398a3020943f1ae98987e5b12b73d9086bbba3ce
805,MOVE_MISTY_EXPLOSION,Gen 8,armips/move/move_anim/805.s,398a3020943f1ae98987e5b12b73d9086bbba3ce
806,MOVE_GRASSY_GLIDE,Gen 8,armips/move/move_anim/806.s,398a3020943f1ae98987e5b12b73d9086bbba3ce
807,MOVE_RISING_VOLTAGE,Gen 8,armips/move/move_anim/807.s,398a3020943f1ae98987e5b12b73d9086bbba3ce
808,MOVE_TERRAIN_PULSE,Gen 8,armips/move/move_anim/808.s,398a3020943f1ae98987e5b12b73d9086bbba3ce
809,MOVE_SKITTER_SMACK,Gen 8,armips/move/move_anim/809.s,398a3020943f1ae98987e5b12b73d9086bbba3ce
810,MOVE_BURNING_JEALOUSY,Gen 8,armips/move/move_anim/810.s,398a3020943f1ae98987e5b12b73d9086bbba3ce
811,MOVE_LASH_OUT,Gen 8,armips/move/move_anim/811.s,398a3020943f1ae98987e5b12b73d9086bbba3ce
812,MOVE_POLTERGEIST,Gen 8,armips/move/move_anim/812.s,398a3020943f1ae98987e5b12b73d9086bbba3ce
813,MOVE_CORROSIVE_GAS,Gen 8,armips/move/move_anim/813.s,398a3020943f1ae98987e5b12b73d9086bbba3ce
814,MOVE_COACHING,Gen 8,armips/move/move_anim/814.s,398a3020943f1ae98987e5b12b73d9086bbba3ce
815,MOVE_FLIP_TURN,Gen 8,armips/move/move_anim/815.s,398a3020943f1ae98987e5b12b73d9086bbba3ce
816,MOVE_TRIPLE_AXEL,Gen 8,armips/move/move_anim/816.s,398a3020943f1ae98987e5b12b73d9086bbba3ce
817,MOVE_DUAL_WINGBEAT,Gen 8,armips/move/move_anim/817.s,398a3020943f1ae98987e5b12b73d9086bbba3ce
818,MOVE_SCORCHING_SANDS,Gen 8,armips/move/move_anim/818.s,398a3020943f1ae98987e5b12b73d9086bbba3ce
819,MOVE_JUNGLE_HEALING,Gen 8,armips/move/move_anim/819.s,398a3020943f1ae98987e5b12b73d9086bbba3ce
820,MOVE_WICKED_BLOW,Gen 8,armips/move/move_anim/820.s,398a3020943f1ae98987e5b12b73d9086bbba3ce
821,MOVE_SURGING_STRIKES,Gen 8,armips/move/move_anim/821.s,398a3020943f1ae98987e5b12b73d9086bbba3ce
822,MOVE_THUNDER_CAGE,Gen 8,armips/move/move_anim/822.s,398a3020943f1ae98987e5b12b73d9086bbba3ce
823,MOVE_DRAGON_ENERGY,Gen 8,armips/move/move_anim/823.s,398a3020943f1ae98987e5b12b73d9086bbba3ce
824,MOVE_FREEZING_GLARE,Gen 8,armips/move/move_anim/824.s,398a3020943f1ae98987e5b12b73d9086bbba3ce
825,MOVE_FIERY_WRATH,Gen 8,armips/move/move_anim/825.s,398a3020943f1ae98987e5b12b73d9086bbba3ce
826,MOVE_THUNDEROUS_KICK,Gen 8,armips/move/move_anim/826.s,398a3020943f1ae98987e5b12b73d9086bbba3ce
827,MOVE_GLACIAL_LANCE,Gen 8,armips/move/move_anim/827.s,398a3020943f1ae98987e5b12b73d9086bbba3ce
828,MOVE_ASTRAL_BARRAGE,Gen 8,armips/move/move_anim/828.s,398a3020943f1ae98987e5b12b73d9086bbba3ce
829,MOVE_EERIE_SPELL,Gen 8,armips/move/move_anim/829.s,398a3020943f1ae98987e5b12b73d9086bbba3ce
830,MOVE_DIRE_CLAW,Gen 8,armips/move/move_anim/830.s,398a3020943f1ae98987e5b12b73d9086bbba3ce
831,MOVE_PSYSHIELD_BASH,Gen 8,armips/move/move_anim/831.s,398a3020943f1ae98987e5b12b73d9086bbba3ce
832,MOVE_POWER_SHIFT,Gen 8,armips/move/move_anim/832.s,398a3020943f1ae98987e5b12b73d9086bbba3ce
833,MOVE_STONE_AXE,Gen 8,armips/move/move_anim/833.s,398a3020943f1ae98987e5b12b73d9086bbba3ce
834,MOVE_SPRINGTIDE_STORM,Gen 8,armips/move/move_anim/834.s,398a3020943f1ae98987e5b12b73d9086bbba3ce
835,MOVE_MYSTICAL_POWER,Gen 8,armips/move/move_anim/835.s,398a3020943f1ae98987e5b12b73d9086bbba3ce
836,MOVE_RAGING_FURY,Gen 8,armips/move/move_anim/836.s,398a3020943f1ae98987e5b12b73d9086bbba3ce
837,MOVE_WAVE_CRASH,Gen 8,armips/move/move_anim/837.s,398a3020943f1ae98987e5b12b73d9086bbba3ce
838,MOVE_CHLOROBLAST,Gen 8,armips/move/move_anim/838.s,398a3020943f1ae98987e5b12b73d9086bbba3ce
839,MOVE_MOUNTAIN_GALE,Gen 8,armips/move/move_anim/839.s,398a3020943f1ae98987e5b12b73d9086bbba3ce
840,MOVE_VICTORY_DANCE,Gen 8,armips/move/move_anim/840.s,398a3020943f1ae98987e5b12b73d9086bbba3ce
841,MOVE_HEADLONG_RUSH,Gen 8,armips/move/move_anim/841.s,398a3020943f1ae98987e5b12b73d9086bbba3ce
842,MOVE_BARB_BARRAGE,Gen 8,armips/move/move_anim/842.s,398a3020943f1ae98987e5b12b73d9086bbba3ce
843,MOVE_ESPER_WING,Gen 8,armips/move/move_anim/843.s,398a3020943f1ae98987e5b12b73d9086bbba3ce
844,MOVE_BITTER_MALICE,Gen 8,armips/move/move_anim/844.s,398a3020943f1ae98987e5b12b73d9086bbba3ce
845,MOVE_SHELTER,Gen 8,armips/move/move_anim/845.s,398a3020943f1ae98987e5b12b73d9086bbba3ce
846,MOVE_TRIPLE_ARROWS,Gen 8,armips/move/move_anim/846.s,398a3020943f1ae98987e5b12b73d9086bbba3ce
847,MOVE_INFERNAL_PARADE,Gen 8,armips/move/move_anim/847.s,398a3020943f1ae98987e5b12b73d9086bbba3ce
848,MOVE_CEASELESS_EDGE,Gen 8,armips/move/move_anim/848.s,398a3020943f1ae98987e5b12b73d9086bbba3ce
849,MOVE_BLEAKWIND_STORM,Gen 8,armips/move/move_anim/849.s,398a3020943f1ae98987e5b12b73d9086bbba3ce
850,MOVE_WILDBOLT_STORM,Gen 8,armips/move/move_anim/850.s,398a3020943f1ae98987e5b12b73d9086bbba3ce
851,MOVE_SANDSEAR_STORM,Gen 8,armips/move/move_anim/851.s,398a3020943f1ae98987e5b12b73d9086bbba3ce
852,MOVE_LUNAR_BLESSING,Gen 8,armips/move/move_anim/852.s,398a3020943f1ae98987e5b12b73d9086bbba3ce
853,MOVE_TAKE_HEART,Gen 8,armips/move/move_anim/853.s,398a3020943f1ae98987e5b12b73d9086bbba3ce
854,MOVE_TERA_BLAST,Gen 9,armips/move/move_anim/854.s,398a3020943f1ae98987e5b12b73d9086bbba3ce
855,MOVE_SILK_TRAP,Gen 9,armips/move/move_anim/855.s,398a3020943f1ae98987e5b12b73d9086bbba3ce
856,MOVE_AXE_KICK,Gen 9,armips/move/move_anim/856.s,398a3020943f1ae98987e5b12b73d9086bbba3ce
857,MOVE_LAST_RESPECTS,Gen 9,armips/move/move_anim/857.s,398a3020943f1ae98987e5b12b73d9086bbba3ce
858,MOVE_LUMINA_CRASH,Gen 9,armips/move/move_anim/858.s,398a3020943f1ae98987e5b12b73d9086bbba3ce
859,MOVE_ORDER_UP,Gen 9,armips/move/move_anim/859.s,398a3020943f1ae98987e5b12b73d9086bbba3ce
860,MOVE_JET_PUNCH,Gen 9,armips/move/move_anim/860.s,398a3020943f1ae98987e5b12b73d9086bbba3ce
861,MOVE_SPICY_EXTRACT,Gen 9,armips/move/move_anim/861.s,398a3020943f1ae98987e5b12b73d9086bbba3ce
862,MOVE_SPIN_OUT,Gen 9,armips/move/move_anim/862.s,398a3020943f1ae98987e5b12b73d9086bbba3ce
863,MOVE_POPULATION_BOMB,Gen 9,armips/move/move_anim/863.s,398a3020943f1ae98987e5b12b73d9086bbba3ce
864,MOVE_ICE_SPINNER,Gen 9,armips/move/move_anim/864.s,398a3020943f1ae98987e5b12b73d9086bbba3ce
865,MOVE_GLAIVE_RUSH,Gen 9,armips/move/move_anim/865.s,398a3020943f1ae98987e5b12b73d9086bbba3ce
866,MOVE_REVIVAL_BLESSING,Gen 9,armips/move/move_anim/866.s,398a3020943f1ae98987e5b12b73d9086bbba3ce
867,MOVE_SALT_CURE,Gen 9,armips/move/move_anim/867.s,398a3020943f1ae98987e5b12b73d9086bbba3ce
868,MOVE_TRIPLE_DIVE,Gen 9,armips/move/move_anim/868.s,398a3020943f1ae98987e5b12b73d9086bbba3ce
869,MOVE_MORTAL_SPIN,Gen 9,armips/move/move_anim/869.s,398a3020943f1ae98987e5b12b73d9086bbba3ce
870,MOVE_DOODLE,Gen 9,armips/move/move_anim/870.s,398a3020943f1ae98987e5b12b73d9086bbba3ce
871,MOVE_FILLET_AWAY,Gen 9,armips/move/move_anim/871.s,398a3020943f1ae98987e5b12b73d9086bbba3ce
872,MOVE_KOWTOW_CLEAVE,Gen 9,armips/move/move_anim/872.s,398a3020943f1ae98987e5b12b73d9086bbba3ce
873,MOVE_FLOWER_TRICK,Gen 9,armips/move/move_anim/873.s,398a3020943f1ae98987e5b12b73d9086bbba3ce
874,MOVE_TORCH_SONG,Gen 9,armips/move/move_anim/874.s,398a3020943f1ae98987e5b12b73d9086bbba3ce
875,MOVE_AQUA_STEP,Gen 9,armips/move/move_anim/875.s,398a3020943f1ae98987e5b12b73d9086bbba3ce
876,MOVE_RAGING_BULL,Gen 9,armips/move/move_anim/876.s,398a3020943f1ae98987e5b12b73d9086bbba3ce
877,MOVE_MAKE_IT_RAIN,Gen 9,armips/move/move_anim/877.s,398a3020943f1ae98987e5b12b73d9086bbba3ce
878,MOVE_PSYBLADE,Gen 9,armips/move/move_anim/878.s,398a3020943f1ae98987e5b12b73d9086bbba3ce
879,MOVE_HYDRO_STEAM,Gen 9,armips/move/move_anim/879.s,398a3020943f1ae98987e5b12b73d9086bbba3ce
880,MOVE_RUINATION,Gen 9,armips/move/move_anim/880.s,398a3020943f1ae98987e5b12b73d9086bbba3ce
881,MOVE_COLLISION_COURSE,Gen 9,armips/move/move_anim/881.s,398a3020943f1ae98987e5b12b73d9086bbba3ce
882,MOVE_ELECTRO_DRIFT,Gen 9,armips/move/move_anim/882.s,398a3020943f1ae98987e5b12b73d9086bbba3ce
883,MOVE_SHED_TAIL,Gen 9,armips/move/move_anim/883.s,398a3020943f1ae98987e5b12b73d9086bbba3ce
884,MOVE_CHILLY_RECEPTION,Gen 9,armips/move/move_anim/884.s,398a3020943f1ae98987e5b12b73d9086bbba3ce
885,MOVE_TIDY_UP,Gen 9,armips/move/move_anim/885.s,398a3020943f1ae98987e5b12b73d9086bbba3ce
886,MOVE_SNOWSCAPE,Gen 9,armips/move/move_anim/886.s,398a3020943f1ae98987e5b12b73d9086bbba3ce
887,MOVE_POUNCE,Gen 9,armips/move/move_anim/887.s,398a3020943f1ae98987e5b12b73d9086bbba3ce
888,MOVE_TRAILBLAZE,Gen 9,armips/move/move_anim/888.s,398a3020943f1ae98987e5b12b73d9086bbba3ce
889,MOVE_CHILLING_WATER,Gen 9,armips/move/move_anim/889.s,398a3020943f1ae98987e5b12b73d9086bbba3ce
890,MOVE_HYPER_DRILL,Gen 9,armips/move/move_anim/890.s,398a3020943f1ae98987e5b12b73d9086bbba3ce
891,MOVE_TWIN_BEAM,Gen 9,armips/move/move_anim/891.s,398a3020943f1ae98987e5b12b73d9086bbba3ce
892,MOVE_RAGE_FIST,Gen 9,armips/move/move_anim/892.s,398a3020943f1ae98987e5b12b73d9086bbba3ce
893,MOVE_ARMOR_CANNON,Gen 9,armips/move/move_anim/893.s,398a3020943f1ae98987e5b12b73d9086bbba3ce
894,MOVE_BITTER_BLADE,Gen 9,armips/move/move_anim/894.s,398a3020943f1ae98987e5b12b73d9086bbba3ce
895,MOVE_DOUBLE_SHOCK,Gen 9,armips/move/move_anim/895.s,398a3020943f1ae98987e5b12b73d9086bbba3ce
896,MOVE_GIGATON_HAMMER,Gen 9,armips/move/move_anim/896.s,398a3020943f1ae98987e5b12b73d9086bbba3ce
897,MOVE_COMEUPPANCE,Gen 9,armips/move/move_anim/897.s,398a3020943f1ae98987e5b12b73d9086bbba3ce
898,MOVE_AQUA_CUTTER,Gen 9,armips/move/move_anim/898.s,398a3020943f1ae98987e5b12b73d9086bbba3ce
899,MOVE_BLAZING_TORQUE,Gen 9,armips/move/move_anim/899.s,398a3020943f1ae98987e5b12b73d9086bbba3ce
900,MOVE_WICKED_TORQUE,Gen 9,armips/move/move_anim/900.s,398a3020943f1ae98987e5b12b73d9086bbba3ce
901,MOVE_NOXIOUS_TORQUE,Gen 9,armips/move/move_anim/901.s,398a3020943f1ae98987e5b12b73d9086bbba3ce
902,MOVE_COMBAT_TORQUE,Gen 9,armips/move/move_anim/902.s,398a3020943f1ae98987e5b12b73d9086bbba3ce
903,MOVE_MAGICAL_TORQUE,Gen 9,armips/move/move_anim/903.s,398a3020943f1ae98987e5b12b73d9086bbba3ce
904,MOVE_BLOOD_MOON,Gen 9,armips/move/move_anim/904.s,398a3020943f1ae98987e5b12b73d9086bbba3ce
905,MOVE_MATCHA_GOTCHA,Gen 9,armips/move/move_anim/905.s,398a3020943f1ae98987e5b12b73d9086bbba3ce
906,MOVE_SYRUP_BOMB,Gen 9,armips/move/move_anim/906.s,398a3020943f1ae98987e5b12b73d9086bbba3ce
907,MOVE_IVY_CUDGEL,Gen 9,armips/move/move_anim/907.s,398a3020943f1ae98987e5b12b73d9086bbba3ce
908,MOVE_ELECTRO_SHOT,Gen 9,armips/move/move_anim/908.s,398a3020943f1ae98987e5b12b73d9086bbba3ce
909,MOVE_TERA_STARSTORM,Gen 9,armips/move/move_anim/909.s,398a3020943f1ae98987e5b12b73d9086bbba3ce
910,MOVE_FICKLE_BEAM,Gen 9,armips/move/move_anim/910.s,398a3020943f1ae98987e5b12b73d9086bbba3ce
911,MOVE_BURNING_BULWARK,Gen 9,armips/move/move_anim/911.s,398a3020943f1ae98987e5b12b73d9086bbba3ce
912,MOVE_THUNDERCLAP,Gen 9,armips/move/move_anim/912.s,398a3020943f1ae98987e5b12b73d9086bbba3ce
913,MOVE_MIGHTY_CLEAVE,Gen 9,armips/move/move_anim/913.s,398a3020943f1ae98987e5b12b73d9086bbba3ce
914,MOVE_TACHYON_CUTTER,Gen 9,armips/move/move_anim/914.s,398a3020943f1ae98987e5b12b73d9086bbba3ce
915,MOVE_HARD_PRESS,Gen 9,armips/move/move_anim/915.s,398a3020943f1ae98987e5b12b73d9086bbba3ce
916,MOVE_DRAGON_CHEER,Gen 9,armips/move/move_anim/916.s,398a3020943f1ae98987e5b12b73d9086bbba3ce
917,MOVE_ALLURING_VOICE,Gen 9,armips/move/move_anim/917.s,398a3020943f1ae98987e5b12b73d9086bbba3ce
918,MOVE_TEMPER_FLARE,Gen 9,armips/move/move_anim/918.s,398a3020943f1ae98987e5b12b73d9086bbba3ce
919,MOVE_SUPERCELL_SLAM,Gen 9,armips/move/move_anim/919.s,398a3020943f1ae98987e5b12b73d9086bbba3ce
920,MOVE_PSYCHIC_NOISE,Gen 9,armips/move/move_anim/920.s,398a3020943f1ae98987e5b12b73d9086bbba3ce
921,MOVE_UPPER_HAND,Gen 9,armips/move/move_anim/921.s,398a3020943f1ae98987e5b12b73d9086bbba3ce
922,MOVE_MALIGNANT_CHAIN,Gen 9,armips/move/move_anim/922.s,398a3020943f1ae98987e5b12b73d9086bbba3ce
